"Player","Team","Positions","IP","K","W","SV","ERA","WHIP","ER","H","BB","HR","G","GS","L","CG"
"Gerrit Cole","NYY","SP","195.9","256","16","0","3.13","1.03","68","154","49","27","32","32","8","3"
"Corbin Burnes","MIL","SP","171.1","222","13","0","3.04","1.06","58","132","50","16","29","29","7","0"
"Max Scherzer","NYM","SP","182.2","230","13","0","3.30","1.07","67","148","48","26","30","30","8","1"
"Walker Buehler","LAD","SP","192.8","200","14","0","3.66","1.14","78","168","53","25","31","31","8","0"
"Jacob deGrom","NYM","SP","153.7","210","12","0","2.53","0.93","43","107","36","16","26","26","5","1"
"Brandon Woodruff","MIL","SP","180.3","205","12","0","3.42","1.09","69","149","48","21","30","30","8","0"
"Shohei Ohtani","LAA","SP,DH","146.5","168","10","0","3.55","1.14","58","116","51","18","36","26","6","0"
"Shane Bieber","CLE","SP","181.7","226","13","0","3.26","1.12","66","152","51","24","30","30","8","1"
"Zack Wheeler","PHI","SP","194.5","199","13","0","3.44","1.14","74","172","49","21","30","30","9","2"
"Julio Urias","LAD","SP","180.0","181","14","0","3.67","1.14","73","159","45","24","31","31","7","0"
"Aaron Nola","PHI","SP","183.8","209","12","0","3.71","1.15","76","159","52","25","31","31","9","2"
"Lucas Giolito","CWS","SP","181.4","211","13","0","3.73","1.14","75","150","58","27","30","30","9","2"
"Robbie Ray","SEA","SP","185.0","235","11","0","3.87","1.20","80","152","71","28","31","31","10","0"
"Sandy Alcantara","MIA","SP","193.1","182","12","0","3.70","1.20","79","173","58","22","31","31","10","1"
"Josh Hader","MIL","RP","64.9","104","4","33","2.69","0.98","19","37","26","8","64","0","3","0"
"Liam Hendriks","CWS","RP","67.6","99","4","33","2.73","0.91","20","48","14","9","66","0","3","0"
"Lance Lynn","CWS","SP","178.6","192","12","0","3.82","1.19","76","157","56","26","30","30","9","1"
"Freddy Peralta","MIL","SP","156.4","200","11","0","3.83","1.17","67","120","63","21","29","29","8","1"
"Kevin Gausman","TOR","SP","181.1","201","13","0","3.77","1.17","76","162","50","26","31","31","8","0"
"Max Fried","ATL","SP","177.9","169","13","0","3.66","1.21","72","163","52","20","31","31","8","2"
"Jose Berrios","TOR","SP","191.0","196","13","0","3.90","1.18","83","172","53","26","31","31","9","1"
"Logan Webb","SF","SP","173.4","169","12","0","3.44","1.20","66","157","51","14","30","30","8","0"
"Frankie Montas","OAK","SP","178.9","190","11","0","3.71","1.20","74","160","55","23","31","31","10","0"
"Joe Musgrove","SD","SP","175.7","185","11","0","3.80","1.18","74","155","53","23","31","30","9","2"
"Luis Castillo","CIN","SP","185.2","191","12","0","3.87","1.28","80","167","71","22","31","31","10","0"
"Raisel Iglesias","LAA","RP","67.8","91","4","32","3.13","1.06","24","54","17","9","66","0","3","0"
"Charlie Morton","ATL","SP","160.2","174","12","0","3.59","1.17","64","135","52","18","28","28","7","0"
"Jack Flaherty","STL","SP","155.9","167","11","0","3.72","1.16","64","128","53","22","28","28","8","0"
"Yu Darvish","SD","SP","169.4","188","11","0","3.91","1.16","74","148","49","26","30","30","9","0"
"Trevor Rogers","MIA","SP","154.4","169","10","0","3.63","1.21","62","132","55","18","29","29","8","0"
"Dylan Cease","CWS","SP","163.6","199","11","0","3.99","1.26","73","138","68","23","31","31","8","1"
"Chris Sale","BOS","SP","132.6","164","10","0","3.53","1.13","52","112","37","17","24","24","6","0"
"Edwin Diaz","NYM","RP","66.4","95","4","33","3.19","1.12","24","49","25","8","65","0","3","0"
"Carlos Rodon","SF","SP","145.0","175","11","0","3.55","1.15","57","119","48","18","27","26","7","1"
"Alek Manoah","TOR","SP","154.1","172","11","0","3.85","1.17","66","127","54","21","27","27","7","0"
"Emmanuel Clase","CLE","RP","66.7","73","4","31","2.85","1.09","21","55","18","5","65","0","3","0"
"Aroldis Chapman","NYY","RP","63.0","99","4","33","3.05","1.19","21","42","33","7","64","0","3","0"
"Ryan Pressly","HOU","RP","65.1","79","4","33","2.92","1.07","21","53","17","6","64","0","3","0"
"Shane McClanahan","TB","SP","147.4","161","11","0","3.70","1.24","61","133","49","19","28","28","7","0"
"Justin Verlander","HOU","SP","149.5","175","11","0","3.56","1.08","59","123","39","25","27","27","7","1"
"Blake Snell","SD","SP","147.5","179","10","0","3.87","1.26","64","121","65","20","28","28","7","0"
"Chris Bassitt","NYM","SP","167.1","161","10","0","3.95","1.19","73","150","48","22","29","29","8","1"
"Framber Valdez","HOU","SP","175.0","163","12","0","3.73","1.30","72","159","69","17","29","29","8","1"
"Pablo Lopez","MIA","SP","149.2","147","9","0","3.74","1.17","62","134","41","18","27","27","8","0"
"Eduardo Rodriguez","DET","SP","176.6","183","11","0","3.79","1.25","74","163","58","21","31","31","10","0"
"Clayton Kershaw","LAD","SP","141.7","149","11","0","3.56","1.10","56","123","32","21","25","25","6","0"
"Tyler Mahle","CIN","SP","170.7","185","10","0","4.27","1.27","81","156","61","26","31","31","9","0"
"Sean Manaea","OAK","SP","173.3","173","11","0","3.70","1.17","71","163","40","23","31","31","10","2"
"Zac Gallen","ARI","SP","165.3","175","10","0","4.14","1.26","76","148","61","23","29","29","9","1"
"Ian Anderson","ATL","SP","155.7","153","10","0","4.07","1.30","70","137","65","19","29","29","7","0"
"Nathan Eovaldi","BOS","SP","172.5","176","12","0","3.84","1.20","74","167","40","22","30","30","8","0"
"Kenley Jansen","","RP","65.6","78","4","20","3.78","1.18","28","51","26","9","62","5","4","0"
"Sonny Gray","MIN","SP","160.2","163","10","0","4.04","1.28","72","145","61","20","29","29","9","0"
"Jordan Romano","TOR","RP","63.1","81","4","27","3.34","1.14","23","48","24","8","62","0","3","0"
"Giovanny Gallegos","STL","RP","72.8","85","4","23","3.36","1.05","27","56","21","9","71","0","3","0"
"Will Smith","ATL","RP","66.8","80","4","31","3.85","1.17","29","54","24","10","68","0","3","0"
"Shane Baz","TB","SP","109.5","122","8","0","3.61","1.16","44","92","35","16","23","23","5","0"
"Luis Garcia","HOU","SP","155.5","164","11","0","4.04","1.23","70","137","55","23","29","29","8","0"
"Mike Clevinger","SD","SP","128.5","139","9","0","3.66","1.19","52","110","43","17","23","23","6","1"
"Logan Gilbert","SEA","SP","143.9","149","8","0","4.10","1.18","65","131","40","23","27","27","8","0"
"Michael Kopech","CWS","SP,RP","130.9","162","9","0","3.87","1.22","56","110","50","19","31","24","6","0"
"Marcus Stroman","CHC","SP","178.5","146","11","0","4.07","1.30","81","178","54","22","31","31","10","0"
"John Means","BAL","SP","165.7","147","10","0","4.35","1.17","80","157","37","30","29","29","11","1"
"Mark Melancon","ARI","RP","63.7","53","3","25","3.93","1.35","28","64","22","6","63","0","3","0"
"Lance McCullers Jr.","HOU","SP","129.5","139","9","0","3.41","1.23","49","107","53","13","22","22","6","0"
"Tarik Skubal","DET","SP","153.6","164","9","0","4.28","1.25","73","141","50","26","30","30","10","0"
"Jose Urquidy","HOU","SP","141.8","125","9","0","4.29","1.18","68","133","34","24","27","27","7","0"
"Blake Treinen","LAD","RP","67.3","73","4","26","3.41","1.19","26","56","25","7","68","0","3","0"
"German Marquez","COL","SP","185.2","171","11","0","4.43","1.34","91","187","61","26","31","31","11","2"
"Alex Wood","SF","SP","143.8","140","9","0","3.90","1.26","62","138","44","17","27","27","8","0"
"Anthony DeSclafani","SF","SP","164.3","144","10","0","4.33","1.27","79","159","50","22","30","30","10","2"
"Craig Kimbrel","CWS","RP","61.7","92","4","11","3.53","1.14","24","42","28","9","64","0","3","0"
"Camilo Doval","SF","RP","60.7","74","3","19","3.71","1.29","25","48","30","7","64","0","3","0"
"Adam Wainwright","STL","SP","178.3","142","11","0","4.21","1.27","83","174","53","25","30","30","10","3"
"Patrick Sandoval","LAA","SP","143.6","151","9","0","4.08","1.30","65","129","57","20","26","26","8","0"
"Taylor Rogers","MIN","RP","59.4","75","3","23","2.93","1.11","19","52","14","6","59","0","3","0"
"Triston McKenzie","CLE","SP","130.8","144","8","0","4.43","1.25","64","109","54","23","26","26","8","0"
"Hyun Jin Ryu","TOR","SP","165.5","143","12","0","3.94","1.22","73","163","39","23","29","29","9","1"
"Noah Syndergaard","LAA","SP","145.8","133","9","0","4.17","1.26","67","145","39","21","27","27","8","1"
"Aaron Civale","CLE","SP","163.1","136","10","0","4.45","1.26","81","162","43","27","29","29","10","1"
"Jordan Montgomery","NYY","SP","158.1","159","10","0","3.94","1.25","69","150","48","23","30","30","7","0"
"Luis Severino","NYY","RP","135.3","139","9","0","3.79","1.21","57","124","40","19","31","24","7","1"
"Scott Barlow","KC","RP","72.8","87","4","21","3.52","1.27","28","63","29","8","69","0","3","0"
"Casey Mize","DET","SP","158.3","128","8","0","4.44","1.26","78","152","47","23","30","30","10","1"
"Ranger Suarez","PHI","SP,RP","154.1","142","10","0","3.96","1.29","68","145","53","18","28","27","8","2"
"Huascar Ynoa","ATL","SP","129.2","131","8","0","4.06","1.27","58","119","45","18","25","25","6","0"
"Zach Plesac","CLE","SP","163.6","129","9","0","4.51","1.26","82","164","42","27","29","29","10","0"
"Kyle Hendricks","CHC","SP","180.4","131","10","0","4.61","1.29","92","191","42","29","31","31","10","1"
"Gregory Soto","DET","RP","67.4","79","3","19","3.83","1.38","29","56","38","7","64","0","3","0"
"Jameson Taillon","NYY","SP","143.0","135","9","0","4.38","1.25","70","137","42","23","27","27","8","1"
"Yusei Kikuchi","TOR","SP","155.1","148","10","0","4.31","1.32","74","150","56","23","29","28","9","0"
"Garrett Whitlock","BOS","RP","75.2","78","4","13","3.65","1.23","30","70","22","8","59","1","4","0"
"Tanner Houck","BOS","SP,RP","119.2","128","7","0","4.18","1.29","55","110","44","15","32","21","6","0"
"Joe Ryan","MIN","SP","134.3","139","8","0","4.02","1.18","60","119","39","22","26","26","7","0"
"Stephen Strasburg","WSH","SP","134.5","136","9","0","4.16","1.26","62","124","46","20","24","24","7","0"
"Paul Sewald","SEA","RP","66.0","89","4","8","3.63","1.15","27","52","23","10","63","0","4","0"
"Steven Matz","STL","SP","155.2","140","10","0","4.22","1.29","73","150","49","22","29","29","9","0"
"Zack Greinke","KC","SP","162.4","125","9","0","4.41","1.27","80","169","37","25","28","28","9","0"
"Jon Gray","TEX","SP","165.0","159","10","0","4.26","1.31","78","157","59","23","30","30","10","0"
"Matt Barnes","BOS","RP","62.4","87","4","17","3.66","1.25","25","50","28","8","65","0","3","0"
"Corey Knebel","PHI","SP,RP","56.9","69","3","22","3.91","1.25","25","48","23","8","60","0","3","0"
"David Bednar","PIT","RP","64.6","77","3","19","3.44","1.19","25","53","24","7","65","0","3","0"
"Taijuan Walker","NYM","SP","148.8","135","8","0","4.50","1.31","74","141","53","24","28","28","9","0"
"Chris Paddack","SD","SP","90.8","85","6","0","4.15","1.21","42","88","22","14","25","15","5","0"
"Corey Kluber","TB","SP","132.4","127","8","0","4.20","1.29","62","124","47","18","26","26","7","2"
"Lucas Sims","CIN","RP","60.4","84","3","20","3.80","1.22","25","47","27","10","58","0","3","0"
"Cal Quantrill","CLE","SP,RP","156.3","131","9","0","4.40","1.29","76","153","48","23","28","28","9","0"
"Devin Williams","MIL","RP","64.1","93","5","3","3.02","1.17","21","45","30","6","64","0","3","0"
"Brady Singer","KC","SP","144.8","134","9","0","4.22","1.36","68","144","53","17","28","28","9","1"
"Tony Gonsolin","LAD","SP","118.0","120","7","0","4.51","1.34","59","108","51","20","27","23","6","0"
"Joe Barlow","TEX","RP","55.8","60","2","22","4.31","1.32","27","45","29","8","60","0","3","0"
"Alex Cobb","SF","SP","143.7","129","9","0","3.93","1.29","63","138","47","15","27","27","8","0"
"Cristian Javier","HOU","SP,RP","115.0","140","6","0","4.45","1.26","57","90","54","19","38","16","5","0"
"Andrew Kittredge","TB","SP,RP","68.6","73","4","16","3.26","1.12","25","60","17","7","64","0","3","0"
"Dane Dunning","TEX","SP","135.2","123","8","0","4.20","1.33","63","132","48","17","27","27","8","0"
"Josiah Gray","WSH","SP","133.7","132","7","0","4.75","1.32","70","125","51","25","25","25","8","0"
"Dylan Floro","MIA","RP","64.6","57","4","18","3.86","1.29","28","61","22","7","66","0","4","0"
"Carlos Carrasco","NYM","SP","132.5","135","8","0","4.29","1.30","63","128","44","21","25","25","8","1"
"Alex Reyes","STL","RP","65.7","80","4","7","3.82","1.36","28","49","40","8","62","0","4","0"
"Trevor Bauer","LAD","SP","106.1","125","8","0","3.45","1.17","41","89","36","16","18","18","4","2"
"Lou Trivino","OAK","RP","69.0","65","4","22","4.10","1.35","31","62","31","8","67","0","4","0"
"Andrew Heaney","LAD","SP,RP","132.3","142","9","0","4.42","1.25","65","126","40","24","25","25","7","0"
"Zach Eflin","PHI","SP","128.9","113","8","0","4.39","1.29","63","134","32","21","24","24","8","1"
"Bailey Ober","MIN","SP","135.3","135","8","0","4.20","1.21","63","129","34","22","27","26","7","0"
"James Kaprielian","OAK","SP","123.1","121","7","0","4.37","1.27","60","114","43","21","25","23","8","0"
"Adbert Alzolay","CHC","SP,RP","109.8","106","7","0","4.23","1.26","52","101","37","18","23","21","7","0"
"Aaron Ashby","MIL","SP,RP","89.0","103","6","0","3.63","1.30","36","75","41","9","47","8","4","0"
"Drew Rasmussen","TB","SP,RP","126.4","129","8","0","3.96","1.26","56","111","47","16","30","24","6","0"
"Kyle Gibson","PHI","SP","180.2","155","11","0","4.52","1.36","91","178","67","26","31","31","10","0"
"Elieser Hernandez","MIA","SP","129.7","128","6","0","4.49","1.24","65","123","38","24","26","26","8","0"
"Jake McGee","SF","RP","60.8","60","3","13","3.93","1.15","27","55","15","9","62","0","3","0"
"Diego Castillo","SEA","RP","60.8","69","3","8","3.73","1.20","25","50","23","8","60","0","3","0"
"James Karinchak","CLE","RP","62.0","87","4","5","3.51","1.23","24","44","32","8","65","0","3","0"
"Madison Bumgarner","ARI","SP","168.1","136","8","0","4.97","1.31","93","172","48","31","30","30","11","1"
"Marco Gonzales","SEA","SP","176.1","138","10","0","4.50","1.28","88","177","48","29","30","30","11","1"
"Rowan Wick","CHC","RP","62.2","68","3","19","3.85","1.32","27","54","28","7","59","0","3","0"
"Luis Patino","TB","SP","114.4","119","7","0","4.31","1.31","55","103","46","17","41","16","7","0"
"Patrick Corbin","WSH","SP","171.7","153","10","0","4.57","1.37","87","177","57","27","29","29","11","0"
"Eric Lauer","MIL","SP","126.7","120","8","0","4.39","1.31","62","119","47","20","27","23","7","0"
"Pierce Johnson","SD","RP","60.6","73","4","14","3.82","1.26","26","50","26","8","61","0","3","0"
"Jesus Luzardo","MIA","SP,RP","109.5","106","6","0","4.41","1.38","54","107","44","17","28","20","8","0"
"Tylor Megill","NYM","SP","92.9","96","5","0","4.20","1.26","43","86","31","14","21","15","6","0"
"Dinelson Lamet","SD","SP,RP","59.0","73","3","5","3.68","1.21","24","49","23","8","42","4","3","0"
"Jonathan Loaisiga","NYY","RP","70.3","74","5","4","3.40","1.18","27","62","21","8","61","0","3","0"
"Nestor Cortes Jr.","NYY","SP,RP","124.8","130","7","0","4.34","1.25","60","117","39","23","34","20","7","0"
"Chad Green","NYY","RP","72.3","88","5","2","3.60","1.07","29","59","19","11","67","0","4","0"
"Domingo German","NYY","SP","106.5","110","7","0","4.37","1.25","52","101","32","19","37","16","6","0"
"Alex Colome","COL","RP","65.6","55","3","19","4.57","1.39","33","67","24","9","66","1","4","0"
"Chris Flexen","SEA","SP","169.5","132","10","0","4.39","1.31","83","176","46","25","30","30","10","0"
"Brad Hand","PHI","RP","60.9","66","3","7","3.99","1.25","27","54","22","9","60","1","4","0"
"Drew Steckenrider","SEA","RP","66.8","61","3","13","4.05","1.21","30","60","21","10","63","0","4","0"
"Hector Neris","HOU","RP","70.8","87","4","4","3.79","1.24","30","59","29","10","71","0","4","0"
"Ken Giles","SEA","RP","49.8","60","2","8","3.68","1.19","20","43","17","7","48","0","2","0"
"Mike Minor","CIN","SP","157.7","146","9","0","4.62","1.30","81","156","48","27","28","28","10","1"
"Dustin May","LAD","SP","34.8","36","2","0","3.45","1.11","13","29","9","4","19","3","2","0"
"Sixto Sanchez","MIA","SP","68.8","60","4","0","3.77","1.22","29","64","20","8","15","12","4","0"
"Nick Pivetta","BOS","SP","153.6","161","9","0","4.66","1.35","80","146","62","24","29","29","9","0"
"Michael Pineda","","SP","140.7","115","8","0","4.45","1.26","70","144","33","24","27","26","9","0"
"Michael Fulmer","DET","SP,RP","64.0","63","3","9","3.83","1.28","27","62","20","8","56","0","4","0"
"Wade Miley","CHC","SP","162.3","120","10","0","4.46","1.40","80","169","58","22","29","29","9","1"
"Tyler Glasnow","TB","SP","45.7","63","4","0","3.00","1.00","15","31","15","1","1","1","2","0"
"Kenta Maeda","MIN","SP","13.2","13","1","0","4.11","1.22","6","12","4","2","3","3","1","0"
"Tyler Rogers","SF","RP","72.2","50","4","8","4.03","1.28","32","74","19","7","71","0","4","0"
"Anthony Bender","MIA","RP","64.1","69","3","8","3.66","1.22","26","55","23","7","63","0","3","0"
"Kyle Finnegan","WSH","RP","67.3","69","3","21","4.27","1.45","32","65","32","9","66","0","4","0"
"Tyler Wells","BAL","RP","66.1","75","3","12","3.98","1.16","29","57","19","12","61","0","3","0"
"Adrian Houser","MIL","SP","143.4","109","8","0","4.50","1.41","72","143","60","18","28","28","9","1"
"Pete Fairbanks","TB","RP","59.9","75","4","8","3.49","1.26","23","50","25","7","61","0","4","0"
"Cole Sulser","BAL","RP","68.0","76","3","10","3.94","1.31","30","61","28","9","64","0","4","0"
"Tanner Rainey","WSH","RP","54.8","71","3","7","4.59","1.43","28","44","34","9","60","0","3","0"
"Merrill Kelly","ARI","SP","165.2","131","9","0","4.73","1.35","87","173","49","26","28","28","11","0"
"Brusdar Graterol","LAD","RP","58.5","54","4","5","3.58","1.25","23","54","19","6","58","0","3","0"
"Richard Rodriguez","","RP","64.0","58","3","5","3.80","1.13","27","58","14","9","65","0","5","0"
"Ian Kennedy","ARI","RP","61.7","66","3","10","4.35","1.27","30","59","20","12","59","1","3","0"
"Dylan Bundy","MIN","SP","152.6","142","9","0","4.68","1.33","79","151","52","25","28","28","10","1"
"JT Brubaker","PIT","SP","137.4","129","7","0","4.46","1.31","68","134","46","21","26","25","9","0"
"Jake Odorizzi","HOU","SP","88.6","85","5","0","4.33","1.29","43","85","29","14","41","12","5","0"
"Hunter Greene","CIN","SP","76.0","77","5","0","4.55","1.32","38","71","30","12","14","14","5","0"
"Carlos Estevez","COL","RP","64.1","63","3","12","4.82","1.46","34","70","23","11","65","0","3","0"
"Carlos Hernandez","KC","SP,RP","120.8","107","6","0","4.63","1.38","62","115","52","18","23","23","8","0"
"Nate Pearson","TOR","RP","73.7","80","5","0","4.14","1.28","34","62","32","11","36","9","4","0"
"Trevor May","NYM","RP","63.6","80","4","2","3.78","1.22","27","53","24","9","65","0","3","0"
"Josh Staumont","KC","RP","65.1","73","3","6","4.00","1.33","29","54","33","8","63","0","3","0"
"Reid Detmers","LAA","SP","103.0","106","6","0","4.27","1.35","49","99","40","17","20","20","7","0"
"Edward Cabrera","MIA","SP","73.2","80","4","0","4.23","1.34","34","64","34","10","34","10","5","0"
"Austin Gomber","COL","SP","136.3","124","9","0","4.87","1.38","74","137","51","23","27","27","9","0"
"Cole Irvin","OAK","SP","166.0","119","9","0","4.61","1.32","85","178","41","26","29","29","11","0"
"Ryan Yarbrough","TB","SP,RP","149.9","110","9","0","4.45","1.26","74","155","33","23","25","23","9","0"
"Miles Mikolas","STL","SP","132.8","93","8","0","4.31","1.26","64","137","31","19","25","25","8","0"
"Collin McHugh","ATL","SP,RP","63.4","68","4","1","3.82","1.16","27","55","19","8","51","3","3","0"
"Emilio Pagan","SD","RP","60.6","66","3","7","4.37","1.19","29","53","19","11","62","0","3","0"
"Dakota Hudson","STL","P,SP","130.4","95","8","0","4.25","1.37","62","124","55","15","30","24","8","0"
"Garrett Crochet","CWS","RP","67.1","81","4","0","3.49","1.25","26","55","29","8","57","2","3","0"
"Griffin Canning","LAA","SP","54.7","56","3","0","4.46","1.32","27","52","21","9","21","6","3","0"
"Roansy Contreras","PIT","SP","63.6","58","4","0","4.26","1.29","30","60","23","9","13","13","4","0"
"Jake Diekman","BOS","RP","64.5","83","3","4","3.75","1.34","27","52","35","8","66","0","3","0"
"Jorge Alcala","MIN","RP","63.8","67","3","5","3.94","1.21","28","57","20","9","60","0","3","0"
"Tyler Anderson","","SP","145.7","116","8","0","4.77","1.35","77","151","45","26","26","26","9","0"
"Seth Lugo","NYM","RP","63.9","70","4","2","3.87","1.21","27","58","19","10","62","0","3","0"
"Brent Suter","MIL","RP","68.3","61","5","1","4.04","1.28","31","67","20","9","62","0","4","0"
"Yimi Garcia","TOR","RP","59.4","62","4","3","4.22","1.20","28","53","18","10","59","0","4","0"
"Tyler Matzek","ATL","RP","65.4","80","4","1","3.53","1.28","26","51","33","6","66","0","2","0"
"Aaron Bummer","CWS","RP","60.8","71","4","2","3.05","1.22","21","49","26","5","61","0","2","0"
"Jose Alvarado","PHI","RP","59.0","73","3","4","3.87","1.46","25","48","38","6","61","0","3","0"
"Luke Weaver","ARI","SP","125.9","118","7","0","4.76","1.35","67","128","42","22","25","25","9","0"
"Chris Stratton","PIT","RP","69.1","68","3","9","4.59","1.38","35","67","28","9","62","0","4","0"
"Craig Stammen","SD","SP,RP","66.3","59","4","1","3.86","1.20","28","65","14","8","60","0","3","0"
"Matthew Boyd","SF","SP","76.1","77","5","0","4.28","1.25","36","72","23","12","16","14","5","0"
"Kendall Graveman","CWS","RP","60.5","61","3","1","3.79","1.25","25","54","22","7","57","0","3","0"
"Jose Quintana","PIT","SP,RP","135.9","127","7","0","4.45","1.37","67","133","53","19","30","24","9","0"
"A.J. Puk","OAK","RP","73.8","76","4","2","4.17","1.35","34","70","30","10","54","4","4","0"
"Rich Hill","BOS","SP","109.7","97","6","0","4.85","1.35","59","108","40","18","21","21","7","0"
"Amir Garrett","KC","RP","59.2","72","3","7","4.31","1.39","28","52","31","9","63","0","3","0"
"Mike Mayers","LAA","RP","67.1","77","4","2","4.01","1.26","30","61","24","10","65","0","3","0"
"David Price","LAD","SP,RP","79.5","72","5","0","4.10","1.28","36","76","26","11","38","9","4","0"
"Reiver Sanmartin","CIN","SP","73.7","64","4","0","4.33","1.34","35","74","24","10","24","11","4","0"
"Luis Gil","NYY","SP","61.8","71","3","0","4.42","1.38","30","53","33","10","28","9","3","0"
"Adam Ottavino","NYM","RP","62.0","73","4","4","3.99","1.36","28","52","33","7","65","0","3","0"
"Brad Keller","KC","SP","151.7","123","9","0","4.45","1.43","75","154","63","18","28","28","10","0"
"Kwang Hyun Kim","","SP,RP","86.8","60","5","4","3.86","1.17","37","74","27","11","22","17","5","0"
"Jose Suarez","LAA","SP,RP","129.8","115","8","0","4.60","1.38","66","130","50","20","25","24","9","2"
"Daniel Hudson","LAD","RP","57.1","69","4","4","3.98","1.20","25","47","21","9","57","0","2","0"
"Matt Wisler","TB","RP","59.1","68","3","2","3.84","1.18","25","52","18","9","57","0","3","0"
"Trevor Rosenthal","","RP","52.3","68","3","1","3.77","1.33","22","41","29","6","52","0","3","0"
"Kris Bubic","KC","SP,RP","133.9","117","7","0","4.63","1.42","69","132","58","20","25","25","9","0"
"Rafael Montero","HOU","RP","45.4","43","2","3","4.13","1.32","21","45","15","6","42","0","3","0"
"Drew Smyly","","SP,RP","120.3","115","6","0","4.83","1.38","65","122","44","23","24","23","8","0"
"Daniel Lynch","KC","SP","69.4","56","4","0","4.86","1.46","38","74","27","10","18","13","5","0"
"Jordan Hicks","STL","RP","50.8","51","3","4","3.72","1.36","21","43","26","5","49","1","2","0"
"Art Warren","CIN","RP","51.3","68","4","2","3.61","1.22","21","41","22","6","58","0","3","0"
"Zach Thompson","PIT","SP,RP","131.9","109","7","0","4.70","1.37","69","131","50","20","37","22","8","0"
"John Gant","","SP,RP","57.5","52","4","0","3.51","1.23","22","45","26","1","3","1","3","0"
"Antonio Senzatela","COL","SP","162.9","107","8","0","4.96","1.42","90","186","46","22","29","29","10","0"
"Dallas Keuchel","CWS","SP","155.3","102","9","0","4.68","1.44","81","169","54","21","28","28","9","0"
"Nick Martinez","SD","SP","109.2","99","7","0","4.33","1.31","53","103","40","16","26","19","6","0"
"Zach Davies","","SP","132.6","97","7","0","5.05","1.46","74","140","53","21","26","26","9","0"
"Cesar Valdez","LAA","RP","34.2","27","1","5","3.68","1.12","14","29","9","4","21","0","2","0"
"Daniel Bard","COL","RP","63.2","69","4","6","4.62","1.47","32","62","31","9","63","0","4","0"
"J.P. Feyereisen","TB","RP","58.1","61","3","2","4.28","1.37","28","50","30","8","57","0","3","0"
"Andres Munoz","SEA","RP","43.5","56","3","1","3.73","1.29","18","35","21","6","47","0","3","0"
"Nick Lodolo","CIN","SP","48.9","49","3","0","4.26","1.27","23","45","17","7","9","9","3","0"
"Andrew Chafin","DET","RP","62.4","62","3","4","3.81","1.24","26","56","22","7","66","0","3","0"
"Danny Duffy","","SP","86.8","89","5","0","4.30","1.29","41","80","32","14","17","17","5","0"
"Lucas Luetge","NYY","RP","53.4","53","3","0","3.81","1.22","23","51","15","7","47","0","2","0"
"Chris Martin","CHC","RP","51.0","45","3","3","4.04","1.21","23","51","11","8","53","0","2","0"
"Greg Holland","TEX","RP","48.6","49","3","3","4.13","1.38","22","44","23","7","50","0","2","0"
"Garrett Richards","","SP,RP","100.9","85","5","1","4.73","1.42","53","103","40","15","24","18","7","0"
"Nick Anderson","TB","RP","15.7","18","1","1","3.68","1.14","6","13","4","3","17","0","1","0"
"Tim Mayza","TOR","RP","59.0","62","4","2","3.64","1.24","24","52","21","7","60","0","3","0"
"Aaron Loup","LAA","RP","59.8","58","3","1","3.68","1.21","24","54","18","7","60","0","3","0"
"Alex Vesia","LAD","RP","56.0","71","3","2","3.96","1.26","25","44","27","9","56","0","2","0"
"Tyler Duffey","MIN","RP","64.8","67","3","4","3.94","1.28","28","59","24","8","64","0","3","0"
"Mike Soroka","ATL","SP","80.0","63","5","0","4.21","1.30","37","81","23","10","15","15","4","0"
"Genesis Cabrera","STL","RP","66.1","73","4","1","3.86","1.32","28","55","32","8","60","1","4","0"
"Grayson Rodriguez","BAL","SP","44.3","46","3","0","3.99","1.19","20","37","15","7","8","8","2","0"
"J.A. Happ","","SP","134.9","108","7","0","4.97","1.36","74","139","45","24","25","25","9","0"
"A.J. Minter","ATL","RP","56.9","63","4","0","3.61","1.27","23","50","23","6","59","0","3","0"
"Tejay Antone","CIN","RP","20.7","22","1","3","3.41","1.01","8","13","8","1","6","0","1","0"
"Colin Poche","TB","RP","44.7","57","3","0","3.66","1.18","18","36","17","6","42","0","2","0"
"Glenn Otto","TEX","SP","68.5","68","4","0","4.23","1.31","32","63","26","10","18","13","4","0"
"Yusmeiro Petit","","RP","72.0","49","4","0","4.55","1.23","36","73","16","13","71","0","4","0"
"Drew Pomeranz","SD","RP","39.9","47","2","5","3.27","1.21","14","31","17","5","37","0","2","0"
"Kyle Freeland","COL","SP","154.5","119","8","0","5.08","1.46","87","171","54","24","29","29","10","0"
"Michael Wacha","BOS","SP,RP","122.3","111","7","0","4.89","1.38","66","132","37","21","31","21","7","0"
"Jake Cousins","MIL","RP","52.7","64","3","0","3.60","1.23","21","42","23","7","53","0","2","0"
"Codi Heuer","CHC","RP","67.0","59","3","10","3.90","1.28","29","63","23","7","66","0","4","0"
"Cody Morris","CLE","SP","57.7","61","3","0","3.95","1.24","25","51","21","8","29","6","3","0"
"Joe Ross","WSH","SP","86.0","78","5","0","4.64","1.35","44","86","30","13","16","16","5","0"
"David Peterson","NYM","SP","57.2","52","3","0","4.28","1.36","27","54","24","7","14","11","3","0"
"Caleb Smith","ARI","SP,RP","65.7","70","3","1","4.80","1.37","35","59","31","12","51","1","4","0"
"Mitch Keller","PIT","SP","118.7","105","6","0","4.70","1.45","62","121","51","16","30","22","8","0"
"Reynaldo Lopez","CWS","SP,RP","63.6","62","4","0","4.45","1.29","31","61","22","11","38","5","4","0"
"JT Chargois","TB","RP","60.4","63","4","2","3.76","1.24","25","51","24","7","61","0","3","0"
"Archie Bradley","LAA","RP","60.1","53","4","1","4.24","1.38","28","59","24","8","62","0","4","0"
"Robert Suarez","SD","RP","52.2","57","2","7","4.11","1.39","24","52","21","7","58","0","3","0"
"Tanner Scott","BAL","RP","57.2","70","3","3","3.75","1.37","24","48","31","6","58","0","3","0"
"Ross Stripling","TOR","SP,RP","89.7","83","5","0","4.39","1.30","44","90","27","16","38","10","5","0"
"J.B. Bukauskas","ARI","RP","40.9","39","2","0","4.65","1.50","21","40","21","6","39","0","2","0"
"Yonny Chirinos","TB","SP","98.9","85","6","0","4.14","1.24","45","95","27","15","35","14","5","0"
"Jarlin Garcia","SF","RP","62.4","56","4","0","4.00","1.22","28","56","20","8","59","0","3","0"
"Adam Cimber","TOR","RP","66.5","48","4","1","4.04","1.29","30","67","19","8","64","0","3","0"
"Tyler Alexander","DET","SP,RP","110.3","90","5","0","4.56","1.32","56","113","33","18","30","20","7","0"
"J.B. Wendelken","ARI","RP","55.3","52","3","1","4.47","1.41","28","54","24","8","55","0","3","0"
"Michael Lorenzen","LAA","CF,RF,RP","109.5","93","6","0","4.53","1.41","55","109","46","15","37","17","6","0"
"Richard Bleier","MIA","RP","61.8","45","3","1","3.58","1.21","25","62","13","6","62","0","3","0"
"Johnny Cueto","","SP","125.8","101","7","0","4.79","1.37","67","131","41","21","24","24","8","0"
"Clay Holmes","NYY","RP","62.8","67","4","1","3.91","1.37","27","55","31","6","59","0","3","0"
"Caleb Thielbar","MIN","RP","64.5","71","4","1","3.89","1.23","28","58","22","9","60","0","3","0"
"Trevor Richards","TOR","RP","59.7","65","4","1","4.12","1.25","27","53","21","9","50","0","3","0"
"Jeffrey Springs","TB","RP","37.2","47","2","1","3.64","1.23","15","32","14","5","34","0","2","0"
"Austin Adams","","RP","45.9","59","2","0","3.83","1.30","20","35","24","5","49","0","2","0"
"Vladimir Gutierrez","CIN","SP","117.7","94","6","0","5.52","1.47","72","127","46","24","23","22","9","0"
"Luke Jackson","ATL","RP","64.9","70","3","1","3.89","1.36","28","60","28","8","65","0","3","0"
"Paul Fry","BAL","RP","50.5","54","3","0","4.16","1.43","23","44","28","6","51","0","3","0"
"Ryan Thompson","TB","RP","50.5","50","3","1","3.67","1.23","21","46","15","6","50","0","3","0"
"Robert Stephenson","COL","RP","59.9","65","3","2","4.72","1.38","31","57","26","11","60","0","3","0"
"Matt Brash","SEA","SP,RP","87.3","90","5","0","4.31","1.36","42","79","40","12","30","13","5","0"
"Darwinzon Hernandez","BOS","RP","42.9","57","2","0","4.04","1.46","19","34","28","5","44","0","2","0"
"Brooks Raley","TB","RP","48.6","54","3","2","3.75","1.23","20","42","18","6","48","0","2","0"
"Phil Bickford","LAD","RP","53.0","59","3","0","3.91","1.23","23","46","20","7","55","0","2","0"
"David Robertson","CHC","RP","55.9","60","3","5","3.79","1.25","24","48","21","7","52","0","2","0"
"Justus Sheffield","SEA","SP,RP","76.8","67","4","0","4.58","1.48","39","79","35","10","37","9","5","0"
"Justin Dunn","CIN","SP","81.7","79","4","0","5.21","1.45","47","77","42","15","16","16","6","0"
"Max Meyer","MIA","SP","30.7","27","2","0","4.34","1.38","15","30","13","4","9","5","2","0"
"Matt Manning","DET","SP","130.4","98","7","0","4.70","1.41","68","138","46","19","26","26","9","0"
"George Kirby","SEA","SP","44.9","38","2","0","4.28","1.30","21","44","14","6","9","9","3","0"
"Hansel Robles","","RP","63.6","67","3","1","4.35","1.35","31","59","27","10","59","4","4","0"
"Julian Merryweather","TOR","RP","43.0","44","2","1","4.27","1.30","20","41","15","7","42","0","2","0"
"Tommy Kahnle","LAD","RP","45.7","57","3","0","3.59","1.20","18","38","17","6","44","0","2","0"
"Ryan Tepera","","RP","63.6","71","3","1","3.99","1.26","28","55","26","9","65","0","3","0"
"James Paxton","BOS","SP","46.9","50","3","0","4.40","1.29","23","44","16","7","9","9","3","0"
"Casey Sadler","SEA","RP","55.3","53","3","0","3.84","1.24","24","50","18","7","55","0","2","0"
"Kyle Funkhouser","DET","RP","66.9","62","3","1","4.53","1.49","34","64","36","8","58","0","4","0"
"Joely Rodriguez","NYY","RP","53.1","56","3","1","3.65","1.31","22","49","20","6","53","0","2","0"
"Spencer Howard","TEX","SP","93.9","91","5","0","4.74","1.37","50","90","39","15","26","20","6","0"
"Bryan Garcia","DET","RP","37.8","29","2","2","5.23","1.55","22","40","18","7","38","0","2","0"
"Jordan Lyles","BAL","SP","162.0","132","8","0","5.35","1.43","96","174","58","34","29","28","12","0"
"Ryne Stanek","HOU","RP","68.8","83","4","1","4.12","1.32","31","57","34","11","66","0","3","0"
"Tony Santillan","CIN","SP,RP","61.1","68","3","2","4.59","1.38","31","56","28","10","44","3","3","0"
"Nick Sandlin","CLE","RP","56.8","69","3","1","3.66","1.28","23","46","27","7","54","0","2","0"
"Tyler Beede","SF","RP","56.7","52","3","0","5.07","1.56","32","58","31","8","32","6","4","0"
"Ryan Weathers","SD","SP,RP","56.5","44","3","0","4.73","1.38","30","59","19","8","20","6","4","0"
"Brad Wieck","CHC","RP","55.3","72","3","2","3.98","1.29","24","45","27","7","50","0","2","0"
"Heath Hembree","PIT","RP","59.6","71","3","3","4.44","1.30","29","52","26","11","59","0","4","0"
"Mychal Givens","","RP","61.1","69","3","2","4.31","1.31","29","52","28","10","64","0","4","0"
"Brad Boxberger","MIL","RP","64.0","72","4","2","4.31","1.31","31","55","29","10","66","0","3","0"
"Dean Kremer","BAL","SP","66.7","57","4","0","5.16","1.43","38","69","27","12","16","14","5","0"
"Deivi Garcia","NYY","SP","21.8","19","1","0","5.45","1.45","13","22","9","5","5","5","2","0"
"Steven Okert","MIA","RP","50.3","54","3","0","4.04","1.24","23","44","18","8","50","0","3","0"
"Cade Cavalli","WSH","SP","40.5","38","2","0","4.95","1.47","22","39","20","6","7","7","3","0"
"Sean Newcomb","ATL","RP","41.7","45","3","0","4.12","1.36","19","37","20","5","39","0","2","0"
"Joe Kelly","CWS","RP","51.4","55","3","0","3.53","1.29","20","44","22","5","51","0","2","0"
"Keegan Akin","BAL","SP,RP","112.4","100","6","0","4.90","1.44","61","116","46","20","23","22","8","0"
"Connor Brogdon","PHI","RP","57.8","57","3","1","4.18","1.28","27","52","21","9","56","0","3","0"
"John King","TEX","RP","54.9","47","3","0","3.86","1.28","24","54","16","6","47","0","3","0"
"Alec Mills","CHC","SP,RP","114.2","82","6","0","4.74","1.39","60","123","36","19","26","20","7","1"
"Jose Leclerc","TEX","RP","33.8","43","2","2","3.80","1.28","14","26","17","4","32","0","2","0"
"Taylor Hearn","TEX","SP,RP","121.0","108","7","0","4.84","1.41","65","119","52","20","24","23","8","0"
"Trevor Williams","NYM","SP,RP","69.0","61","4","0","4.43","1.34","34","71","22","10","37","4","4","0"
"Chris Archer","","SP","82.7","82","4","0","4.71","1.37","43","80","33","16","18","18","5","0"
"Tim Hill","SD","RP","56.6","53","4","1","3.93","1.29","25","53","20","7","60","0","3","0"
"Tucker Davidson","ATL","SP","65.8","60","4","0","4.46","1.40","33","63","29","9","13","13","4","0"
"Phil Maton","HOU","RP","63.5","73","3","0","3.89","1.30","27","57","26","8","62","0","3","0"
"MacKenzie Gore","SD","SP","40.7","37","2","0","4.55","1.40","21","39","18","6","8","8","2","0"
"Caleb Ferguson","LAD","RP","39.4","49","2","0","3.48","1.20","15","32","16","5","37","0","1","0"
"Sammy Long","SF","SP,RP","57.3","53","3","0","4.34","1.34","28","55","22","8","24","6","3","0"
"Adrian Morejon","SD","SP","25.0","28","2","0","3.81","1.27","11","22","10","3","10","4","2","0"
"Anthony Bass","MIA","RP","62.7","57","3","3","4.25","1.33","30","59","24","9","64","0","4","0"
"Domingo Acevedo","OAK","RP","59.2","62","3","0","4.10","1.25","27","54","20","9","53","0","3","0"
"Tobias Myers","CLE","SP","44.3","41","2","0","4.45","1.29","22","43","14","7","25","4","3","0"
"Martin Perez","TEX","SP,RP","106.1","84","6","0","4.86","1.45","57","114","40","16","21","21","7","0"
"Miguel Castro","NYM","RP","61.4","67","3","0","4.03","1.38","27","52","33","7","58","0","3","0"
"A.J. Alexy","TEX","SP","100.1","90","5","0","4.99","1.46","55","95","51","16","20","19","7","0"
"Kyle Muller","ATL","SP","38.5","37","3","0","4.64","1.46","20","36","21","5","10","7","2","0"
"Erick Fedde","WSH","SP","97.2","79","5","0","4.90","1.43","53","102","37","15","18","18","6","0"
"Josh Sborz","TEX","RP","59.0","66","3","2","4.18","1.34","27","53","26","8","59","0","3","0"
"Eli Morgan","CLE","SP","69.7","63","3","0","4.86","1.30","38","70","21","13","39","5","4","0"
"Tony Watson","","RP","60.2","51","4","0","4.09","1.24","27","57","18","8","62","0","4","0"
"Daniel Ponce de Leon","LAA","RP","21.4","22","1","0","4.68","1.42","11","19","12","3","18","0","1","0"
"Dylan Coleman","KC","RP","49.6","55","3","0","3.88","1.30","21","43","21","6","44","0","2","0"
"Daulton Jefferies","OAK","P,RP,SP","105.8","81","5","0","4.13","1.28","49","109","26","17","31","18","6","0"
"Luis Cessa","CIN","RP","67.3","59","3","2","4.26","1.33","32","66","23","9","61","0","3","0"
"Deolis Guerra","OAK","RP","66.0","63","3","3","4.08","1.24","30","61","21","10","63","0","3","0"
"Paolo Espino","WSH","SP,RP","83.4","68","4","0","5.12","1.36","48","89","24","16","25","14","5","0"
"Kervin Castro","SF","RP","45.8","44","3","0","4.17","1.36","21","43","20","6","36","2","3","0"
"Spencer Strider","ATL","RP","33.2","36","3","0","4.38","1.32","16","29","15","5","15","3","2","0"
"Justin Steele","CHC","SP,RP","96.8","92","5","0","4.59","1.42","49","92","46","14","37","14","6","0"
"Brent Honeywell Jr.","OAK","P,SP","56.4","47","3","0","4.56","1.34","29","57","19","9","40","3","4","0"
"Bailey Falter","PHI","RP","50.1","48","3","0","4.08","1.24","23","48","14","8","35","3","3","0"
"Jhonathan Diaz","LAA","P,SP","30.3","27","2","0","4.34","1.36","15","29","12","4","22","0","2","0"
"Jose Quijada","LAA","RP","52.1","62","3","0","4.02","1.34","23","44","25","7","50","0","3","0"
"Mike Foltynewicz","","SP","115.0","89","5","0","5.21","1.38","67","120","39","22","23","21","8","0"
"Matt Liberatore","STL","SP","52.5","41","3","0","4.49","1.33","26","53","17","8","11","8","4","0"
"Michael King","NYY","SP,RP","59.7","58","4","0","4.07","1.28","27","56","20","8","35","3","3","0"
"Nick Wittgren","STL","RP","55.2","53","3","0","4.17","1.26","26","52","18","8","53","1","3","0"
"Dominic Leone","SF","SP,RP","58.2","61","3","1","4.14","1.34","27","52","26","8","59","0","3","0"
"Touki Toussaint","ATL","SP","45.0","46","2","0","4.66","1.42","23","42","22","7","31","3","2","0"
"Jesse Chavez","CHC","SP,RP","54.2","50","3","1","4.30","1.31","26","53","18","8","51","0","3","0"
"Mitch White","LAD","SP,RP","39.0","39","2","0","4.05","1.28","18","36","14","6","22","4","2","0"
"Josh Taylor","BOS","RP","53.8","63","3","0","3.87","1.33","23","48","23","6","57","0","2","0"
"Drew VerHagen","STL","RP,SP","47.6","42","2","0","4.49","1.36","24","47","18","7","38","2","2","0"
"Konnor Pilkington","CLE","SP","26.0","26","2","0","4.24","1.36","12","24","11","4","22","0","2","0"
"Anthony Misiewicz","SEA","RP","54.6","53","3","1","4.08","1.28","25","54","16","8","54","0","3","0"
"Chad Kuhl","COL","SP,RP","82.6","76","4","0","5.30","1.50","49","83","41","13","31","12","6","0"
"Jay Jackson","ATL","RP","41.5","50","2","0","4.22","1.32","19","36","19","7","43","0","2","0"
"Jackson Kowar","KC","SP","50.6","48","3","0","4.70","1.40","26","50","21","7","14","8","4","0"
"Jorge Lopez","BAL","SP,RP","55.1","51","3","2","4.58","1.39","28","57","20","8","47","1","3","0"
"Tyler Clippard","","RP","55.7","53","2","2","4.56","1.27","28","52","19","11","61","0","3","0"
"Kyle Wright","ATL","SP","39.1","34","2","0","4.56","1.39","20","38","16","5","16","5","2","0"
"Jake Brentz","KC","RP","59.0","68","3","2","4.13","1.41","27","51","32","7","61","0","3","0"
"Spencer Patton","TEX","RP","56.9","59","3","3","4.33","1.36","27","53","24","9","57","0","3","0"
"Scott Effross","CHC","RP","42.4","38","2","0","4.36","1.31","21","43","13","6","41","0","2","0"
"Sam Coonrod","PHI","RP","50.8","53","3","1","4.00","1.31","23","46","21","7","51","0","2","0"
"Keone Kela","ARI","RP","32.1","36","2","0","4.01","1.24","14","28","12","5","31","0","2","0"
"Kirby Yates","ATL","RP","30.1","38","2","2","3.74","1.17","12","25","10","4","29","0","1","0"
"Tommy Romero","TB","SP","15.4","16","1","0","4.25","1.26","7","14","6","2","9","2","1","0"
"Josh Fleming","TB","SP,RP","66.2","46","4","0","4.16","1.32","31","69","18","8","25","6","4","0"
"Zack Littell","SF","RP","55.1","54","3","0","4.16","1.32","25","51","22","7","52","0","2","0"
"Jose Cisnero","DET","RP","60.5","62","3","1","4.12","1.39","28","55","29","7","61","0","3","0"
"Brock Burke","TEX","SP","18.1","17","1","0","4.10","1.30","8","17","7","2","10","2","1","0"
"Jeurys Familia","PHI","RP","59.4","61","3","1","4.39","1.42","29","55","29","8","60","0","2","0"
"Edgar Santana","","RP","24.0","20","2","0","3.75","1.24","10","23","6","4","22","0","1","0"
"Anthony Kay","TOR","SP,RP","20.2","20","1","0","4.54","1.45","10","20","10","3","12","2","1","0"
"Dillon Peters","PIT","SP","91.9","77","4","0","4.65","1.39","47","95","33","14","43","12","6","0"
"Ben Leeper","CHC","P","16.3","18","2","0","4.29","1.35","8","15","7","2","16","0","1","0"
"John Brebbia","SF","RP","42.5","47","2","0","4.20","1.26","20","39","15","6","41","0","2","0"
"Wily Peralta","DET","SP","87.8","62","5","0","4.92","1.49","48","94","37","13","20","15","6","0"
"Randy Dobnak","MIN","SP,RP","120.6","74","7","0","4.57","1.41","61","134","36","15","27","21","8","0"
"Jakob Junis","SF","SP,RP","57.2","51","3","0","4.60","1.33","29","58","18","9","30","6","4","0"
"Angel Zerpa","KC","SP","15.8","13","1","0","4.32","1.36","8","16","6","2","7","3","1","0"
"Thomas Hatch","TOR","P,SP","28.0","25","2","0","4.62","1.36","14","28","10","5","22","1","1","0"
"Hunter Strickland","","RP","58.7","55","3","0","4.54","1.34","30","57","22","10","59","0","3","0"
"Joey Lucchesi","NYM","SP","26.0","25","2","0","3.98","1.25","12","24","9","3","7","0","1","0"
"Brett Anderson","","SP","94.5","55","6","0","4.63","1.42","49","105","29","13","20","20","7","0"
"Jhoan Duran","MIN","SP","24.9","25","1","0","4.08","1.38","11","23","11","3","23","0","1","0"
"Adam Morgan","","RP","54.3","57","3","1","4.21","1.32","25","50","22","8","57","0","3","0"
"Brett Martin","TEX","RP","60.1","48","3","1","4.00","1.35","27","63","19","7","59","0","3","0"
"Kutter Crawford","BOS","SP","23.3","24","1","0","4.64","1.35","12","23","9","4","16","2","2","0"
"Oliver Perez","CLE","RP","34.9","32","2","0","4.28","1.29","17","34","11","5","38","0","2","0"
"Dedniel Nunez","NYM","SP","11.1","10","1","0","3.83","1.33","5","11","4","1","10","0","1","0"
"Zach Logue","OAK","SP","38.3","33","2","0","4.71","1.32","20","39","12","7","7","7","3","0"
"Daniel Norris","CHC","RP","49.9","49","2","0","4.30","1.35","24","49","19","7","47","1","3","0"
"Shawn Armstrong","MIA","RP","20.5","22","1","0","4.13","1.30","9","19","7","3","16","0","1","0"
"Brandon Williamson","CIN","SP","15.5","16","1","0","4.74","1.37","8","15","6","3","3","3","1","0"
"Danny Coulombe","MIN","RP","39.2","39","3","0","3.70","1.31","16","39","13","5","38","0","2","0"
"Keegan Thompson","CHC","SP,RP","68.3","63","3","0","4.89","1.44","37","67","31","12","36","8","4","0"
"Alan Rangel","ATL","SP","11.3","10","1","0","4.71","1.39","6","12","4","2","6","2","1","0"
"Adam Oller","OAK","SP","32.0","28","2","0","4.62","1.38","16","31","13","5","10","4","3","0"
"Sean Doolittle","WSH","RP","47.4","48","3","2","4.57","1.32","24","46","17","9","49","0","3","0"
"Hoby Milner","MIL","RP","25.6","29","1","0","3.90","1.20","11","23","7","4","24","0","1","0"
"Kolby Allard","TEX","SP,RP","76.1","64","4","0","4.72","1.35","40","78","25","12","27","8","5","0"
"Wandy Peralta","NYY","RP","54.9","50","3","0","4.19","1.37","26","53","22","7","56","0","3","0"
"Braxton Garrett","MIA","SP","28.2","25","1","0","4.51","1.42","14","28","12","4","15","3","2","0"
"Mitchell Stumpo","ARI","P","18.6","18","1","0","4.24","1.36","9","18","7","2","17","0","1","0"
"Ryan Brasier","BOS","RP","55.0","52","3","2","4.53","1.36","28","55","20","9","56","0","3","0"
"Tyler Ivey","HOU","SP","17.1","17","1","0","4.35","1.35","8","16","7","2","7","3","1","0"
"Drew Smith","NYM","RP","51.2","50","2","0","4.33","1.29","25","47","19","8","49","0","3","0"
"Austin Brice","PIT","RP","26.4","25","1","0","4.77","1.39","14","25","11","4","25","0","1","0"
"Daniel Castano","MIA","SP","13.3","9","1","0","4.42","1.36","7","14","4","2","7","0","1","0"
"Jose Ruiz","CWS","RP","51.0","51","2","0","4.27","1.36","24","48","22","8","47","0","2","0"
"Steve Cishek","WSH","RP","59.6","52","3","2","4.55","1.45","30","57","29","7","60","0","3","0"
"Oliver Drake","","RP","45.9","47","2","0","4.09","1.27","21","41","17","6","46","0","2","0"
"Simeon Woods-Richardson","MIN","SP","18.3","18","1","0","4.58","1.40","9","18","8","3","4","4","1","0"
"Bruce Zimmermann","BAL","SP","114.2","96","6","0","5.00","1.44","64","121","43","20","23","23","8","0"
"Tyler Gilbert","ARI","SP","73.9","55","4","0","5.05","1.41","41","77","27","13","17","14","5","0"
"Logan Gillaspie","BAL","RP","14.5","12","1","0","4.76","1.43","8","15","6","2","13","0","1","0"
"Blake Parker","","RP","51.6","50","3","0","4.37","1.33","25","49","20","9","55","0","3","0"
"Steven Brault","CHC","SP","106.5","84","6","0","4.95","1.50","59","110","50","17","22","22","7","1"
"Vince Velasquez","CWS","SP","63.1","67","4","0","4.89","1.39","34","61","27","12","28","8","4","0"
"Alex Faedo","DET","SP,RP","15.4","14","1","0","4.88","1.32","8","15","5","3","7","2","1","0"
"Joe Jimenez","DET","RP","48.4","55","3","0","4.55","1.34","24","43","22","8","49","0","3","0"
"D.L. Hall","BAL","SP","51.4","54","3","0","4.87","1.52","28","47","31","8","10","10","3","0"
"Matt Strahm","BOS","RP","41.4","39","2","0","4.25","1.26","20","42","10","7","42","0","2","0"
"Erik Swanson","SEA","RP","37.5","38","2","0","4.36","1.25","18","35","12","7","37","0","2","0"
"Ryan Helsley","STL","RP","55.1","54","3","0","4.40","1.39","27","49","28","8","54","0","3","0"
"Sergio Romo","","RP","62.1","59","2","1","4.57","1.31","32","59","22","10","64","0","3","0"
"Will Harris","WSH","RP","49.6","49","3","0","4.13","1.31","23","48","17","7","50","0","2","0"
"Cody Stashak","MIN","RP","40.8","45","2","1","4.24","1.26","19","38","13","7","39","0","2","0"
"Dylan File","MIL","SP","16.3","13","1","0","4.96","1.37","9","17","5","3","9","2","1","0"
"Rafael Dolis","","RP","50.6","54","3","1","4.42","1.47","25","45","29","7","57","0","3","0"
"Graham Ashcraft","CIN","SP","11.7","10","1","0","4.74","1.38","6","11","5","2","4","2","1","0"
"Demarcus Evans","TEX","RP","39.5","45","2","1","4.51","1.43","20","34","22","6","40","0","2","0"
"Cooper Criswell","LAA","SP","8.5","7","1","0","4.76","1.38","5","9","3","2","8","1","1","0"
"Grant Dayton","","RP","16.5","19","1","0","4.36","1.30","8","16","6","4","17","0","1","0"
"Derek Holland","","RP","59.5","61","2","0","4.67","1.38","31","58","25","10","57","0","3","0"
"Cole Hamels","","SP","56.7","50","3","0","4.63","1.38","29","56","22","9","11","11","3","0"
"Dillon Tate","BAL","RP","61.9","50","3","1","4.31","1.33","30","61","21","8","57","0","3","0"
"Nick Margevicius","SEA","SP","36.0","31","2","0","4.62","1.35","19","37","12","6","18","5","2","0"
"Louis Head","MIA","RP","47.9","47","2","0","4.08","1.27","22","43","18","7","45","0","2","0"
"Justin Bruihl","LAD","RP","29.6","27","2","0","3.92","1.29","13","27","11","4","32","0","1","0"
"Cody Poteet","MIA","SP","19.2","17","1","0","4.75","1.34","10","18","7","3","16","0","2","0"
"Jeff Hoffman","CIN","SP,RP","61.5","66","3","1","4.73","1.41","32","58","29","10","51","1","3","0"
"Austin Voth","WSH","RP","58.4","56","3","0","4.81","1.39","31","59","22","10","51","0","3","0"
"Cole Winn","TEX","SP","21.4","20","1","0","4.70","1.39","11","20","10","4","5","4","2","0"
"Wander Suero","","RP","41.7","43","3","0","4.35","1.32","20","40","15","6","43","0","2","0"
"Reiss Knehr","SD","SP,RP","22.0","15","1","0","4.91","1.42","12","20","11","3","6","4","2","0"
"T.J. Zeuch","STL","SP","32.4","22","2","0","4.58","1.42","17","35","11","4","20","2","2","0"
"Joe Smith","","RP","51.2","42","3","0","4.20","1.27","24","52","13","8","55","0","3","0"
"Jacob Webb","ATL","RP","51.6","51","3","0","4.48","1.38","26","50","21","8","50","0","3","0"
"Jimmy Lambert","CWS","SP","42.4","42","2","0","4.75","1.40","22","41","19","7","22","4","2","0"
"Forrest Whitley","HOU","SP","14.2","15","1","0","5.13","1.54","8","14","8","3","3","3","1","0"
"Sean Reid-Foley","NYM","RP","35.4","39","2","0","4.41","1.43","17","31","19","5","27","0","2","0"
"Miguel Yajure","PIT","SP","37.6","30","2","0","4.69","1.37","20","38","14","6","21","3","2","0"
"Sam Hentges","CLE","SP,RP","62.0","60","3","0","4.60","1.48","32","64","28","9","43","3","3","0"
"Chaz Roe","","RP","44.1","47","2","0","4.14","1.37","20","40","20","5","46","0","2","0"
"Hirokazu Sawamura","BOS","RP","53.9","60","3","0","4.44","1.44","27","49","28","7","53","0","3","0"
"Andrew Wantz","LAA","RP","51.2","56","3","0","4.43","1.33","25","48","20","9","47","0","2","0"
"Jharel Cotton","MIN","RP","45.6","46","2","0","4.47","1.40","23","44","20","7","43","0","2","0"
"Jordan Yamamoto","NYM","P,SP","26.5","23","1","0","4.91","1.39","14","26","10","4","15","2","2","0"
"Josh Winder","MIN","SP","62.7","53","3","0","4.84","1.34","34","64","20","11","16","11","4","0"
"Kodi Whitley","STL","RP","39.3","39","2","0","4.01","1.29","17","35","16","6","41","0","2","0"
"Matt Harvey","","SP","62.7","47","3","0","5.26","1.42","37","69","20","11","13","13","5","0"
"David Phelps","TOR","RP","23.2","26","1","0","4.04","1.29","10","21","9","3","22","0","1","0"
"T.J. McFarland","STL","RP","51.8","34","3","0","4.18","1.38","24","55","17","6","50","0","3","0"
"Trevor Gott","MIL","RP","42.7","44","2","0","4.56","1.36","22","40","18","7","41","0","2","0"
"Elvin Rodriguez","DET","SP","12.3","11","0","0","4.95","1.38","7","12","5","2","12","0","1","0"
"Brandon Bielak","HOU","RP","37.1","35","2","0","4.33","1.37","18","36","15","5","26","1","2","0"
"Jake Latz","TEX","SP","12.9","12","1","0","4.74","1.38","7","12","6","2","4","2","1","0"
"Trevor Cahill","","SP","66.0","55","4","0","5.06","1.44","37","68","27","10","16","13","5","0"
"Bryan Shaw","","RP","69.6","62","4","1","4.72","1.48","36","70","33","10","70","0","4","0"
"Gerardo Carrillo","WSH","SP","9.3","8","0","0","5.09","1.50","5","9","5","1","7","1","1","0"
"Chasen Shreve","NYM","RP","44.8","44","2","0","4.56","1.39","23","41","21","7","44","0","2","0"
"Kohei Arihara","TEX","SP","26.7","19","1","0","6.13","1.49","18","30","9","7","11","4","2","0"
"Pedro Baez","HOU","RP","48.4","44","3","0","4.48","1.33","24","45","19","8","47","0","2","0"
"Jalen Beeks","TB","RP","37.0","35","2","0","4.11","1.35","17","36","14","5","33","0","2","0"
"Ryan Borucki","TOR","RP","37.1","36","2","0","4.13","1.38","17","35","17","5","34","0","2","0"
"Jonathan Hernandez","TEX","RP","35.2","34","2","1","4.36","1.38","17","34","15","5","31","0","2","0"
"Juan Minaya","MIN","RP","33.0","33","2","0","4.37","1.39","16","31","15","4","29","0","2","0"
"Kohl Stewart","BAL","SP","23.0","18","1","0","4.70","1.43","12","23","10","3","19","2","2","0"
"Ross Detwiler","","SP,RP","52.0","48","3","0","4.58","1.36","26","52","19","9","52","0","3","0"
"Brian Howard","OAK","SP","11.6","9","1","0","4.99","1.42","6","12","4","2","7","1","2","0"
"Graham Spraker","TOR","P","18.4","17","1","0","4.85","1.42","10","18","8","3","18","0","1","0"
"Jose Urena","","SP,RP","95.3","67","5","0","5.15","1.49","55","105","37","16","19","18","7","0"
"Bryse Wilson","PIT","SP","111.6","77","6","0","5.04","1.41","62","121","36","19","26","21","8","0"
"Trent Thornton","TOR","SP,RP","32.6","31","2","0","4.52","1.36","16","33","11","5","24","0","1","0"
"Drew Strotman","MIN","SP","11.3","9","0","0","5.48","1.64","7","13","6","2","3","3","1","0"
"Matt Foster","CWS","RP","29.5","30","2","0","4.40","1.30","14","28","10","5","27","0","1","0"
"Jesse Hahn","","RP","46.9","50","4","1","4.32","1.42","23","42","25","6","49","0","4","0"
"Jaime Barria","LAA","SP","70.7","51","4","0","5.22","1.40","41","78","21","14","16","13","5","0"
"Kyle Bradish","BAL","SP","40.3","39","2","0","4.80","1.45","21","39","19","6","16","6","3","0"
"Seranthony Dominguez","PHI","RP","44.6","45","2","3","4.44","1.37","22","41","20","6","42","0","2","0"
"Tommy Hunter","","P,RP","37.9","32","2","0","4.06","1.28","17","37","11","5","38","0","2","0"
"Wil Crowe","PIT","SP","106.9","91","5","0","5.11","1.47","61","110","48","18","36","17","8","0"
"Hunter Stratton","PIT","P","35.5","34","1","0","4.96","1.55","20","34","22","5","34","0","2","0"
"Brad Brach","","RP","52.0","54","3","0","4.72","1.48","27","49","28","7","52","0","3","0"
"Justin Wilson","CIN","RP","52.9","52","2","1","4.80","1.45","28","51","25","9","56","0","2","0"
"Jose Alvarez","SF","RP","54.2","41","3","0","4.01","1.35","24","55","19","6","53","0","3","0"
"Josh James","HOU","RP","31.5","39","2","0","4.22","1.34","15","26","16","4","30","0","1","0"
"Victor Gonzalez","LAD","RP","26.8","26","1","0","4.12","1.36","12","25","11","3","26","0","1","0"
"Jandel Gustave","MIL","RP","39.2","34","2","0","4.45","1.36","19","38","15","5","36","0","2","0"
"Sean Hjelle","SF","SP","19.8","14","1","0","4.61","1.46","10","21","8","2","4","4","1","0"
"Brendan McKay","TB","SP,DH","18.4","21","1","0","3.75","1.22","8","16","6","3","13","2","1","0"
"Ethan Small","MIL","SP","40.9","39","2","0","4.70","1.43","21","38","20","6","10","8","2","0"
"Jace Fry","","RP","39.4","43","2","0","4.02","1.41","18","34","22","4","38","0","2","0"
"Dennis Santana","TEX","RP","51.4","49","2","0","4.58","1.45","26","49","26","7","48","0","3","0"
"Austin Warren","LAA","RP","54.6","54","3","1","4.06","1.35","25","51","22","6","53","0","3","0"
"Griffin Jax","MIN","SP","67.7","52","4","0","5.42","1.45","41","74","24","13","19","11","5","0"
"Kyle Zimmer","","RP","53.0","49","3","2","4.58","1.45","27","48","29","7","52","1","3","0"
"Kirby Snead","OAK","RP","29.8","31","2","0","3.69","1.30","12","27","12","3","29","0","1","0"
"Dellin Betances","","RP","40.6","46","2","0","4.33","1.37","20","35","21","5","41","0","2","0"
"James McArthur","PHI","SP,RP","12.6","10","1","0","5.19","1.47","7","13","6","2","3","3","1","0"
"Tyler Kinley","COL","RP","59.1","59","3","0","5.03","1.44","33","57","28","10","58","0","3","0"
"Anthony Banda","PIT","RP","61.2","52","3","0","4.58","1.43","31","63","25","8","53","0","3","0"
"Jon Heasley","KC","SP","43.6","35","2","0","4.92","1.40","24","45","16","7","19","6","3","0"
"Andrew Miller","","RP","49.7","50","2","1","4.45","1.39","25","47","22","8","54","0","2","0"
"Dauri Moreta","CIN","RP","43.2","42","2","1","4.61","1.32","22","42","15","7","43","0","2","0"
"Andrew Albers","","SP","15.5","12","1","0","5.52","1.45","10","19","4","3","5","1","1","0"
"Taylor Clarke","KC","RP","43.3","36","2","0","4.75","1.40","23","45","16","7","36","1","2","0"
"Jake Woodford","STL","SP,RP","67.4","48","3","0","4.86","1.43","36","70","27","11","34","7","4","0"
"Jovani Moran","MIN","RP","43.2","52","2","0","3.99","1.39","19","36","24","5","38","0","2","0"
"Taylor Widener","ARI","SP,RP","54.6","54","2","0","4.88","1.40","30","52","24","9","40","3","3","0"
"Logan Allen","CLE","SP","62.3","53","3","0","4.83","1.44","33","64","26","9","36","4","4","0"
"Bowden Francis","TOR","SP","15.8","14","1","0","5.26","1.43","9","16","7","3","6","2","1","0"
"Max Kranick","PIT","SP","38.0","29","2","0","4.94","1.39","21","39","14","6","21","4","3","0"
"Kyle McGowin","","RP","40.7","43","2","0","4.34","1.28","20","37","15","6","39","0","2","0"
"Paul Blackburn","OAK","SP","54.8","39","3","0","4.64","1.41","28","61","16","7","25","7","4","0"
"Asher Wojciechowski","SEA","SP","16.1","15","0","0","4.76","1.31","9","16","6","3","3","3","1","0"
"Matt Moore","TEX","SP,RP","32.9","28","1","0","5.48","1.50","20","35","14","6","16","4","2","0"
"Lewis Thorpe","MIN","SP","51.9","41","3","0","4.93","1.43","28","55","19","9","21","7","4","0"
"Jordan Balazovic","MIN","SP","29.7","25","1","0","4.76","1.41","16","30","12","4","6","5","2","0"
"Nick Neidert","MIA","SP","40.5","28","2","0","5.21","1.49","23","44","17","7","31","2","3","0"
"Sam Howard","PIT","RP","50.6","58","3","0","4.33","1.39","24","44","27","7","54","0","3","0"
"Johan Oviedo","STL","SP","40.9","34","2","0","4.61","1.47","21","40","21","5","19","3","3","0"
"Chris Ellis","BAL","SP","64.0","61","3","0","2.11","1.40","15","61","29","10","13","12","4","0"
"Mike Fiers","","SP","98.1","64","5","0","5.30","1.41","58","109","29","20","19","19","7","0"
"Scott Kazmir","","SP","41.3","34","3","0","4.86","1.43","22","43","16","7","13","9","3","0"
"Riley O'Brien","CIN","SP","16.5","16","1","0","4.91","1.49","9","16","8","3","16","1","1","0"
"Darren O'Day","ATL","RP","19.7","20","1","0","4.19","1.27","9","18","7","3","18","0","1","0"
"Trevor Stephan","CLE","RP","58.9","66","3","0","4.63","1.36","30","54","26","10","49","0","3","0"
"Humberto Castellanos","ARI","SP,RP","41.2","30","2","0","3.70","1.37","17","44","13","7","11","7","3","0"
"Darien Nunez","LAD","RP","15.6","19","1","0","3.57","1.24","6","13","7","2","15","0","1","0"
"Wyatt Mills","SEA","RP","19.8","21","1","0","4.00","1.28","9","18","7","2","18","0","1","0"
"Grant Holmes","OAK","RP,SP","42.7","38","2","0","4.59","1.45","22","43","19","6","39","0","2","0"
"Dany Jimenez","OAK","RP","25.3","30","1","0","3.90","1.33","11","21","12","3","24","0","2","0"
"Peter Solomon","HOU","RP","16.4","15","1","0","4.36","1.33","8","15","7","3","12","1","1","0"
"Evan Phillips","LAD","RP","39.3","43","2","0","4.25","1.39","19","36","18","6","36","0","2","0"
"Packy Naughton","LAA","SP","34.0","25","2","0","4.70","1.39","18","37","11","5","20","3","2","0"
"Connor Seabold","BOS","SP","24.8","20","1","0","5.23","1.42","14","26","9","4","10","4","2","0"
"Kyle Barraclough","LAA","RP","26.7","33","2","1","4.84","1.40","14","22","16","5","22","0","1","0"
"Jose Castillo","SD","SP,RP","11.3","14","1","0","3.60","1.13","5","9","4","1","11","0","0","0"
"James Norwood","SD","RP","15.3","18","1","0","3.91","1.36","7","13","8","2","15","0","1","0"
"Ryan Sherriff","PHI","RP","43.7","39","3","0","4.31","1.40","21","42","19","5","42","0","3","0"
"Sean Guenther","MIA","RP","24.5","21","1","0","4.15","1.30","11","24","8","3","20","0","1","0"
"Angel Perdomo","MIL","RP","29.6","39","1","0","4.08","1.39","13","23","18","4","30","0","1","0"
"Garrett Cleavinger","LAD","RP","14.9","18","1","0","3.98","1.38","7","12","8","2","15","0","1","0"
"Sean Poppen","ARI","RP","38.2","37","2","0","4.35","1.40","18","37","16","4","35","0","2","0"
"Chris Mazza","TB","RP","40.3","34","3","0","4.08","1.33","18","40","14","5","21","3","2","0"
"Nabil Crismatt","SD","RP","46.9","41","2","0","3.95","1.32","21","47","15","6","32","0","2","0"
"Janson Junk","LAA","SP","21.3","17","1","0","5.35","1.46","13","23","8","4","6","4","1","0"
"Trey Wingenter","CIN","RP","31.2","39","2","0","4.41","1.32","15","26","15","5","29","0","2","0"
"Sean Nolin","","SP,RP","19.0","17","1","0","5.16","1.47","11","20","8","3","13","1","1","0"
"Alexander Vizcaino","CHC","SP","16.3","14","1","0","5.24","1.56","10","17","9","2","14","0","1","0"
"Andrew Vasquez","TOR","RP","15.8","19","1","0","4.01","1.39","7","13","9","2","17","0","1","0"
"Joel Payamps","KC","RP","50.3","42","3","0","4.37","1.32","24","50","16","7","43","0","3","0"
"Dylan Lee","ATL","RP","24.6","24","2","0","4.16","1.29","11","23","9","3","23","0","1","0"
"Francisco Perez","WSH","RP","33.7","36","1","0","4.23","1.39","16","30","17","4","28","0","2","0"
"Joan Adon","WSH","SP","31.9","28","2","0","4.99","1.47","18","33","14","5","11","5","2","0"
"Zach Pop","MIA","RP","56.9","52","2","0","4.01","1.37","25","54","23","6","53","0","3","0"
"Gabe Speier","KC","RP","38.4","35","2","0","4.24","1.35","18","38","14","5","36","0","2","0"
"Austin Pruitt","OAK","RP","20.5","16","1","0","4.25","1.30","10","21","6","3","17","0","1","0"
"Devin Smeltzer","MIN","RP","23.3","20","1","0","4.48","1.27","12","23","6","4","10","2","1","0"
"Nick Snyder","TEX","RP","34.1","34","2","0","4.44","1.42","17","33","15","5","33","0","2","0"
"Alex Claudio","NYM","RP","30.6","24","2","0","4.13","1.38","14","31","11","4","30","0","1","0"
"Luke Barker","MIL","RP","18.5","19","1","0","4.16","1.27","9","17","6","3","18","0","1","0"
"Patrick Murphy","WSH","RP","50.9","48","3","0","4.32","1.39","24","49","21","6","44","0","2","0"
"Humberto Mejia","ARI","SP","16.5","13","1","0","5.47","1.43","10","18","6","3","6","4","2","0"
"Hunter Harvey","SF","RP","27.3","25","1","0","4.47","1.36","14","27","10","4","24","0","1","0"
"Yohan Ramirez","SEA","RP","26.9","33","1","0","4.28","1.43","13","22","17","4","24","0","1","0"
"Adrian Sampson","CHC","SP,RP","28.3","21","1","0","5.29","1.47","17","32","9","6","10","3","2","0"
"Noe Ramirez","ARI","RP","54.3","51","3","0","4.49","1.31","27","51","20","9","57","0","3","0"
"Neftali Feliz","","RP","16.0","18","1","0","4.50","1.33","8","15","7","3","18","0","1","0"
"Bryan Abreu","HOU","RP","25.5","28","1","0","4.21","1.46","12","22","15","3","22","0","1","0"
"Victor Arano","WSH","RP","15.5","17","1","0","4.06","1.19","7","13","6","2","15","0","1","0"
"Stephen Ridings","NYY","RP","20.1","22","1","0","4.40","1.38","10","18","9","3","20","0","1","0"
"Blake Taylor","HOU","RP","48.7","46","3","0","4.37","1.43","24","45","25","7","50","0","3","0"
"Ethan Roberts","CHC","RP","25.2","23","2","0","4.22","1.35","12","25","9","3","24","0","1","0"
"Tayler Saucedo","TOR","RP","18.7","16","1","0","4.05","1.36","8","18","7","2","19","0","1","0"
"Kent Emanuel","PHI","RP","22.8","19","1","0","4.47","1.36","11","24","7","3","21","0","1","0"
"Logan Shore","DET","SP","10.0","7","0","0","5.92","1.54","7","11","4","2","2","2","1","0"
"Steven Wilson","SD","RP","14.8","17","1","0","3.78","1.29","6","13","6","2","15","0","0","0"
"Cristopher Sanchez","PHI","SP,RP","20.4","20","1","0","4.13","1.42","9","19","10","2","14","0","1","0"
"Seth Romero","WSH","SP,RP","24.0","24","1","0","4.32","1.37","12","22","11","3","19","1","1","0"
"Thomas Eshelman","","SP","29.7","16","2","0","5.36","1.48","18","36","8","6","10","5","2","0"
"Nick Mikolajchak","CLE","RP","35.5","37","2","0","4.44","1.32","18","34","13","6","34","0","2","0"
"Anthony Castro","TOR","RP","26.1","28","1","0","4.44","1.39","13","24","13","4","25","0","1","0"
"Javy Guerra","","RP","31.1","30","1","0","4.26","1.36","15","30","12","4","31","0","1","0"
"Luis Frias","ARI","RP","19.9","19","1","0","4.30","1.37","10","19","9","3","18","0","1","0"
"Devin Sweet","SEA","SP","12.0","11","1","0","4.50","1.33","6","12","4","2","12","0","1","0"
"Jimmy Herget","LAA","RP","49.4","49","3","0","4.61","1.39","25","47","22","8","47","0","3","0"
"Scott Oberg","COL","RP","15.3","14","1","0","4.20","1.37","7","15","6","2","15","0","1","0"
"Brooks Wilson","ATL","RP","12.1","12","0","0","4.41","1.35","6","12","5","2","12","0","0","0"
"Jake Walsh","STL","RP","13.4","13","1","0","4.35","1.34","6","12","6","2","13","0","1","0"
"Seth Martinez","HOU","RP","15.8","15","1","0","4.46","1.35","8","15","7","2","15","0","1","0"
"Rex Brothers","MIL","RP","24.2","30","1","0","4.41","1.41","12","20","14","3","21","0","1","0"
"Phoenix Sanders","TB","RP","11.0","11","1","0","3.82","1.27","5","10","4","1","11","0","1","0"
"Eduard Bazardo","BOS","RP","15.1","14","1","0","4.62","1.38","8","15","6","3","12","0","1","0"
"Manuel Rodriguez","CHC","RP","46.3","45","3","1","4.44","1.46","23","44","24","6","44","0","3","0"
"Enyel De Los Santos","CLE","RP","19.6","18","1","0","4.32","1.32","9","19","7","2","15","0","1","0"
"Jacob Barnes","DET","RP","29.3","28","1","1","4.47","1.38","15","29","12","4","28","0","2","0"
"Matt Festa","SEA","RP","24.4","23","1","0","4.50","1.37","12","24","10","4","24","0","2","0"
"Nick Vincent","","RP","27.6","25","2","0","4.50","1.34","14","28","9","4","26","0","1","0"
"Dietrich Enns","","RP","15.2","14","1","0","3.14","1.11","5","13","4","1","6","0","1","0"
"Oliver Ortega","LAA","RP","18.7","18","1","0","4.46","1.44","9","18","9","2","17","0","1","0"
"Tommy Nance","CHC","RP","31.4","30","1","0","4.42","1.34","15","29","13","4","30","0","1","0"
"Shane Greene","LAD","RP","25.4","23","1","0","4.50","1.31","13","24","9","4","25","0","1","0"
"Junior Fernandez","STL","RP","26.9","26","1","0","4.14","1.43","12","25","14","3","24","0","1","0"
"Shea Spitzbarth","","RP","10.2","9","0","0","3.59","1.35","4","10","4","1","10","0","0","0"
"Kyle Tyler","LAA","RP","34.7","28","2","0","4.57","1.39","18","35","13","5","27","0","2","0"
"Wade LeBlanc","","SP,RP","55.1","39","3","0","5.21","1.44","32","61","18","10","11","11","3","0"
"Andrew Bellatti","PHI","RP","10.5","12","1","0","4.29","1.24","5","10","4","1","9","0","1","0"
"Angel Rondon","STL","RP","12.3","10","0","0","4.39","1.35","6","12","5","2","12","0","0","0"
"Arodys Vizcaino","KC","RP","8.0","8","0","0","4.50","1.38","4","8","4","1","8","0","0","0"
"Jake Reed","NYM","RP","32.9","32","1","0","4.39","1.37","16","32","13","5","31","0","2","0"
"Eric Orze","NYM","RP","6.6","6","0","0","4.57","1.42","3","7","3","1","6","0","0","0"
"Caleb Baragar","SF","RP","23.0","19","1","2","4.93","1.38","13","22","10","4","25","0","1","0"
"Jimmy Yacabonis","MIA","RP","16.2","14","1","0","4.74","1.39","9","16","7","3","13","0","1","0"
"Joey Gerber","SEA","RP","16.6","16","1","0","4.56","1.43","8","16","8","3","17","0","1","0"
"Ray Kerr","SD","RP","15.0","14","1","0","4.50","1.51","8","15","8","2","14","0","1","0"
"Kevin Ginkel","ARI","RP","24.0","27","1","5","4.50","1.40","12","22","11","5","27","0","1","0"
"Jimmy Cordero","NYY","RP","13.0","12","1","0","4.50","1.42","7","13","6","2","13","0","1","0"
"Zack Britton","NYY","RP","7.9","7","0","0","4.13","1.46","4","8","4","1","7","0","0","0"
"Ryan Weber","NYY","RP","17.3","15","1","0","4.50","1.31","9","18","5","3","7","1","1","0"
"Connor Overton","CIN","SP,RP","17.0","14","1","0","4.41","1.29","8","17","5","3","10","2","1","0"
"Enoli Paredes","HOU","RP","12.3","14","1","0","4.39","1.46","6","10","7","2","16","0","1","0"
"Trevor Hildenberger","SF","RP","12.9","11","1","0","4.49","1.39","6","13","5","2","12","0","1","0"
"Michel Baez","SD","SP,RP","8.2","9","0","0","4.31","1.40","4","8","4","1","8","0","0","0"
"Blake Cederlind","PIT","RP","21.8","20","1","0","4.51","1.44","11","21","11","3","21","0","1","0"
"Hans Crouse","PHI","SP","44.8","38","2","0","5.09","1.40","25","44","19","9","12","9","3","0"
"Burch Smith","","RP","40.0","36","2","0","4.16","1.29","19","39","13","5","29","0","2","0"
"Ryan Hendrix","CIN","RP","35.0","37","2","0","4.80","1.47","19","34","18","5","34","0","2","0"
"Felix Pena","NYM","RP","15.5","14","1","0","4.74","1.37","8","15","6","2","16","0","1","0"
"Calvin Faucher","TB","RP","15.3","15","1","0","4.40","1.48","7","15","8","2","14","0","1","0"
"Alexis Diaz","CIN","RP","24.7","27","1","0","4.74","1.45","13","23","13","4","23","0","1","0"
"Ryan Burr","CWS","RP","37.7","35","2","0","4.34","1.43","18","35","19","5","36","0","2","0"
"Freddy Pacheco","STL","RP","18.7","21","1","0","4.43","1.53","9","16","12","2","18","0","1","0"
"Travis Lakins Sr.","BAL","RP","17.0","15","1","0","3.97","1.44","8","17","8","1","5","1","1","0"
"Sam Moll","OAK","RP","51.5","50","2","0","4.20","1.41","24","48","25","6","48","0","2","0"
"Dusten Knight","TB","RP","11.5","11","1","0","4.30","1.35","6","11","5","2","10","0","1","0"
"Blake Weiman","PIT","RP","19.7","17","1","0","4.31","1.39","9","19","8","3","20","0","1","0"
"Tyler Thornburg","ATL","RP","41.3","39","1","0","5.29","1.50","24","42","20","7","41","0","1","0"
"Ryan Weiss","ARI","RP","20.1","18","1","0","4.65","1.40","10","20","8","3","18","0","1","0"
"Robert Broom","CLE","RP","22.0","20","1","0","4.64","1.44","11","22","10","3","22","0","1","0"
"Clarke Schmidt","NYY","P,RP,SP","21.0","20","1","0","4.67","1.38","11","21","8","3","9","3","1","0"
"Matt Bowman","NYY","RP","11.5","10","0","0","4.64","1.45","6","12","5","2","12","0","1","0"
"Kyle Keller","","RP","34.0","34","2","0","4.63","1.25","18","29","14","7","37","0","2","0"
"Brandon Kintzler","","RP","41.5","30","2","0","4.63","1.40","21","44","14","6","44","0","2","0"
"Angel De Jesus","DET","RP","28.0","27","2","0","4.61","1.51","14","27","15","3","28","0","2","0"
"Jhon Romero","WSH","RP","17.0","15","1","0","4.83","1.37","9","17","6","3","17","0","1","0"
"Durbin Feltman","BOS","RP","15.3","15","1","0","5.02","1.48","9","15","7","3","15","0","1","0"
"Austin Davis","BOS","RP","41.5","43","2","1","4.53","1.39","21","39","18","6","41","0","2","0"
"Edwin Uceta","ARI","RP","11.8","12","0","0","4.23","1.38","6","11","5","2","8","0","0","0"
"Matt Shoemaker","","SP,RP","58.0","45","3","0","5.24","1.34","34","58","19","10","12","12","4","0"
"Jonathan Holder","CHC","SP,RP","20.3","17","1","0","4.63","1.36","10","20","7","3","19","0","1","0"
"Keynan Middleton","ARI","RP","21.0","20","1","1","4.62","1.44","11","20","10","3","20","0","1","0"
"Jake Jewell","","RP","13.3","12","1","0","4.95","1.43","7","14","5","2","13","0","0","0"
"Chris Devenski","ARI","RP","20.3","19","1","1","5.22","1.38","12","21","7","4","21","0","1","0"
"Michael Rucker","CHC","RP","39.4","37","2","1","4.53","1.36","20","40","14","6","33","0","2","0"
"Miguel Diaz","DET","RP","35.4","36","2","1","4.61","1.43","18","34","17","5","26","0","2","0"
"Dan Straily","ARI","SP","98.1","82","4","0","5.23","1.41","57","102","36","19","19","19","7","0"
"Ty Blach","COL","SP","16.2","10","1","0","5.78","1.56","10","19","6","3","3","3","1","0"
"JoJo Romero","PHI","RP","6.8","6","0","0","4.67","1.44","4","7","3","1","7","0","0","0"
"Bryan Baker","BAL","RP","18.3","19","1","0","4.80","1.49","10","17","10","3","18","0","1","0"
"Shaun Anderson","TOR","RP","18.5","16","1","0","5.35","1.46","11","20","8","4","13","0","1","0"
"Andre Jackson","LAD","RP","31.0","28","2","0","4.82","1.42","17","31","13","5","10","4","2","0"
"Luke Farrell","","RP","17.3","19","1","0","4.57","1.39","9","15","9","3","14","0","1","0"
"Yoan Lopez","PHI","RP","15.1","14","1","0","4.63","1.37","8","15","6","3","15","0","0","0"
"Kaleb Ort","BOS","RP","17.5","19","1","0","4.73","1.48","9","17","9","2","25","0","1","0"
"Wandisson Charles","OAK","RP","14.1","15","1","0","4.54","1.51","7","13","9","2","14","0","1","0"
"Tyler Johnson","CWS","RP","8.0","8","0","0","4.50","1.50","4","8","4","1","8","0","0","0"
"Miguel Sanchez","MIL","RP","26.7","25","1","0","4.66","1.41","14","26","11","4","27","0","1","0"
"Carl Edwards Jr.","WSH","RP","18.7","20","1","0","4.62","1.36","10","17","9","3","20","0","1","0"
"Kyle Crick","CWS","RP","12.4","13","1","0","4.65","1.45","6","11","7","2","12","0","1","0"
"Ian Krol","","RP","35.0","35","2","0","4.38","1.42","17","34","16","5","35","0","2","0"
"Jake Petricka","","RP","16.3","14","1","0","4.59","1.39","8","17","6","2","16","0","1","0"
"Jake Faria","MIN","SP,RP","18.7","18","1","0","4.78","1.43","10","19","8","3","18","0","1","0"
"Ryne Nelson","ARI","SP","21.0","23","1","0","5.29","1.53","12","22","10","4","6","4","2","0"
"Joe Mantiply","ARI","RP","51.4","47","2","0","4.29","1.37","24","52","19","6","52","0","3","0"
"Jose Marte","LAA","RP","12.2","12","1","0","5.02","1.49","7","11","7","2","12","0","1","0"
"Roel Ramirez","","RP","10.5","10","1","0","4.29","1.38","5","10","5","2","26","0","1","0"
"Ryan Mason","MIN","RP","26.4","24","1","0","4.70","1.44","14","27","11","4","26","0","1","0"
"Elvis Peguero","LAA","RP","9.7","8","1","0","5.28","1.55","6","11","4","1","11","0","1","0"
"Justin Anderson","TEX","RP","31.0","34","1","0","4.53","1.45","16","28","17","4","30","0","1","0"
"Cam Bedrosian","PHI","RP","22.3","21","1","0","4.40","1.42","11","22","10","3","22","0","1","0"
"Nick Tropeano","TEX","RP","16.8","16","1","0","4.30","1.37","8","17","7","3","10","2","1","0"
"Gregory Santos","SF","RP","9.9","10","0","0","4.23","1.42","5","9","5","1","10","1","0","0"
"Aaron Fletcher","PIT","RP","28.2","22","2","0","4.38","1.42","14","29","11","4","29","0","2","0"
"Paul Campbell","MIA","RP","33.0","26","2","0","4.82","1.39","18","34","12","5","27","0","2","0"
"Sam Selman","OAK","RP","30.3","31","1","0","4.50","1.38","15","26","16","4","30","0","1","0"
"Fernando Abad","","RP","35.1","29","2","0","4.62","1.36","18","37","11","5","35","0","2","0"
"Daniel Duarte","CIN","RP","20.5","18","1","0","5.15","1.51","12","21","10","3","19","0","1","0"
"Tyler Zuber","KC","RP","27.0","28","1","0","4.67","1.45","14","25","14","4","27","0","2","0"
"Alec Bettinger","MIL","P,RP,SP","23.7","19","1","0","4.79","1.35","13","25","7","4","10","3","1","0"
"Brandon Workman","TEX","RP","28.2","29","2","1","4.58","1.50","14","27","15","4","27","0","2","0"
"Dillon Maples","","RP","28.6","34","2","0","4.46","1.52","14","23","21","3","27","0","2","0"
"Adonis Medina","PIT","P,RP,SP","18.2","15","1","0","4.94","1.39","10","18","7","2","9","1","1","0"
"Hector Santiago","","RP","30.2","30","1","0","4.66","1.43","16","29","14","5","27","0","2","0"
"Reyes Moronta","LAD","RP","7.7","8","0","0","5.09","1.52","4","7","5","1","8","0","0","0"
"Cionel Perez","BAL","RP","42.1","43","2","0","4.40","1.46","21","39","22","5","40","0","2","0"
"James Hoyt","","RP","9.5","10","1","0","5.21","1.47","6","10","5","2","12","0","0","0"
"Luis Avilan","WSH","RP","18.9","17","1","0","4.70","1.45","10","19","8","3","18","0","1","0"
"Ryne Harper","","RP","39.9","36","2","0","4.70","1.34","21","40","13","7","41","0","2","0"
"Thomas Szapucki","NYM","RP","13.5","12","0","0","4.96","1.55","7","13","7","2","4","2","1","0"
"Tanner Anderson","","RP","27.0","18","1","0","4.83","1.46","15","29","11","3","7","6","2","0"
"Alex Lange","DET","RP","47.7","46","3","0","4.42","1.45","23","46","23","6","47","0","3","0"
"Miguel Del Pozo","DET","RP","37.7","38","2","0","4.47","1.41","19","36","18","5","37","0","2","0"
"Jake Newberry","PHI","RP","12.0","13","1","0","5.00","1.50","7","13","5","2","11","0","1","0"
"Justin Topa","MIL","RP","19.9","17","1","0","4.96","1.42","11","21","7","3","19","0","1","0"
"Erasmo Ramirez","WSH","RP","20.8","16","1","0","4.78","1.35","11","21","7","4","20","0","1","0"
"AJ Ramos","LAA","RP","27.2","28","1","0","4.82","1.41","15","26","13","5","26","0","1","0"
"Collin Snider","KC","RP","20.7","15","1","0","4.91","1.45","11","23","8","3","20","0","1","0"
"Matt Bush","","RP","23.8","23","1","0","5.09","1.45","13","24","11","5","24","0","1","0"
"Brody Koerner","","RP","12.7","9","0","0","4.74","1.47","7","14","5","2","7","0","1","0"
"Jace Vines","KC","RP","26.4","20","2","0","4.80","1.50","14","28","12","3","26","0","2","0"
"Ramon Rosso","DET","RP","16.7","15","1","0","4.54","1.41","8","16","8","2","14","0","1","0"
"Isaac Mattson","BAL","RP","26.3","25","1","0","4.75","1.41","14","25","12","4","23","0","2","0"
"Dan Winkler","TEX","RP","29.8","29","1","0","4.78","1.42","16","27","15","5","30","0","2","0"
"Daniel Mengden","KC","RP,SP","25.4","20","1","0","4.87","1.35","14","26","9","4","5","5","2","0"
"Ralph Garza Jr.","MIN","RP","50.7","48","3","0","4.70","1.42","27","49","23","8","49","0","3","0"
"Edgar Garcia","","RP","15.7","15","1","0","5.17","1.45","9","15","8","3","13","0","0","0"
"Alberto Baldonado","WSH","RP","15.8","16","1","0","4.64","1.42","8","15","7","2","19","0","1","0"
"Damon Jones","PHI","RP","12.7","14","1","0","4.41","1.53","6","11","8","1","25","0","1","0"
"Eric Yardley","CHC","RP","21.0","13","1","0","4.54","1.45","11","23","7","2","20","0","1","0"
"Michael Feliz","BOS","RP","26.7","28","1","0","4.88","1.39","14","26","11","5","28","0","1","0"
"Jonathan Stiever","CWS","RP","30.5","27","2","0","5.18","1.36","18","32","10","6","13","5","2","0"
"Joey Wentz","DET","SP","29.3","24","1","0","5.38","1.50","17","30","14","5","6","6","2","0"
"Anderson Severino","CWS","RP","17.4","16","1","0","5.07","1.63","10","17","12","3","17","0","1","0"
"Nick Mears","PIT","RP","35.9","36","2","0","4.69","1.44","19","34","17","5","35","0","2","0"
"Felix Bautista","BAL","RP","29.6","31","2","0","5.24","1.60","17","28","19","5","28","0","2","0"
"Marcos Diplan","BAL","RP","17.6","16","1","0","4.81","1.53","9","17","10","3","15","0","1","0"
"Duane Underwood Jr.","PIT","RP","61.2","55","3","0","4.52","1.41","31","62","24","9","51","0","3","0"
"Gabe Klobosits","WSH","RP","14.9","12","1","0","5.31","1.51","9","16","7","2","14","0","1","0"
"Miguel Romero","OAK","RP","17.8","14","1","0","4.88","1.46","10","18","7","2","17","0","1","0"
"Shelby Miller","","RP","24.4","23","1","0","5.12","1.52","14","25","13","4","24","0","1","0"
"Sam Clay","WSH","RP","26.8","21","1","0","4.52","1.51","13","28","13","3","29","0","1","0"
"Drew Hutchison","DET","SP,RP","21.7","18","1","0","4.98","1.55","12","23","11","3","9","1","1","0"
"Robert Gsellman","CHC","RP","37.1","28","2","0","4.73","1.41","19","39","13","5","35","0","2","0"
"Jake Arrieta","","SP","65.8","49","4","0","5.05","1.50","37","73","26","10","13","13","5","0"
"Nick Nelson","PHI","RP","40.5","43","2","0","4.53","1.48","20","37","23","5","33","1","2","0"
"Brett de Geus","ARI","RP","19.9","16","1","0","4.62","1.49","10","20","9","2","19","0","1","0"
"Buck Farmer","CIN","RP","31.2","29","2","0","4.87","1.44","17","32","13","5","30","0","2","0"
"Robert Dugger","SEA","SP,RP","20.0","16","1","0","5.10","1.45","11","21","8","3","9","2","1","0"
"Scott Blewett","","RP","13.5","12","1","0","5.33","1.48","8","14","6","2","8","0","1","0"
"Adam Kolarek","OAK","RP","32.7","21","1","0","4.24","1.42","15","35","12","3","32","0","1","0"
"Anthony Gose","CLE","RP","39.2","47","3","0","5.17","1.64","23","33","32","6","36","0","3","0"
"Domingo Tapia","KC","RP","50.6","42","2","0","4.68","1.48","26","51","24","7","52","0","3","0"
"Yennsy Diaz","NYM","RP","24.7","21","1","0","4.92","1.47","13","25","12","4","22","0","1","0"
"Justin Garza","CLE","RP","21.6","21","1","0","5.19","1.51","12","21","11","4","17","0","1","0"
"Junior Guerra","","RP","44.1","40","2","0","4.78","1.47","23","42","23","6","37","0","3","0"
"Josh Tomlin","","RP","50.6","38","2","0","5.02","1.30","28","56","9","11","48","0","3","0"
"Rony Garcia","DET","RP","24.7","21","1","0","4.95","1.41","14","25","10","4","17","0","1","0"
"Ronald Bolanos","KC","RP","22.2","20","1","0","4.77","1.50","12","22","11","3","16","0","1","0"
"Albert Abreu","NYY","RP","43.2","46","2","0","4.78","1.47","23","40","23","7","36","0","2","0"
"Conner Menez","CHC","RP","20.7","20","1","0","5.37","1.60","12","23","10","3","12","1","1","0"
"Jason Foley","DET","RP","28.5","23","1","0","4.68","1.50","15","29","14","4","28","0","2","0"
"Brad Peacock","KC","P,RP,SP","21.8","20","1","0","5.20","1.39","13","22","9","4","10","1","1","0"
"Wes Benjamin","CWS","RP","20.0","17","1","0","5.10","1.53","11","22","9","4","12","2","1","0"
"Matt Peacock","ARI","SP,RP","28.8","19","1","0","4.86","1.51","16","32","11","4","24","0","2","0"
"Joey Krehbiel","BAL","RP","47.1","45","2","0","5.07","1.44","27","47","21","9","42","0","3","0"
"Jordan Holloway","MIA","SP,RP","34.6","33","2","0","4.66","1.51","18","31","21","5","29","0","2","0"
"Mason Thompson","WSH","RP","36.1","32","2","0","4.87","1.52","20","37","18","5","36","0","2","0"
"Antonio Santos","NYM","RP","28.6","23","1","0","5.01","1.48","16","31","12","5","20","0","2","0"
"Ben Bowden","COL","RP","29.7","33","1","0","5.09","1.49","17","29","15","5","30","0","2","0"
"Zack Burdi","","RP","26.8","28","1","0","4.95","1.47","15","26","14","5","21","0","1","0"
"Charlie Barnes","","SP","45.0","29","2","0","5.13","1.50","26","49","18","6","11","7","3","0"
"Ryan Rolison","COL","SP","45.4","36","2","0","5.49","1.48","28","50","17","8","8","8","3","0"
"Andres Machado","WSH","RP","43.9","38","2","0","4.92","1.43","24","45","18","7","45","0","2","0"
"Julian Fernandez","COL","RP","24.3","22","1","0","5.24","1.50","14","25","11","4","24","0","1","0"
"Cory Abbott","CHC","SP,RP","25.2","24","1","0","5.18","1.46","15","25","12","5","7","4","1","0"
"Corbin Martin","ARI","SP","41.4","35","2","0","5.58","1.56","26","43","21","7","8","8","3","0"
"JD Hammer","COL","RP","18.7","18","1","0","5.34","1.51","11","19","9","3","18","0","1","0"
"Phillips Valdez","BOS","RP","33.9","30","1","0","4.92","1.51","19","35","16","4","29","0","2","0"
"Tanner Roark","","P,RP","47.5","38","3","0","5.22","1.44","28","51","17","9","9","9","3","0"
"Ervin Santana","","RP","39.1","31","2","0","5.26","1.43","23","42","14","8","36","0","2","0"
"Yency Almonte","LAD","RP","42.4","39","2","0","4.84","1.44","23","43","18","8","43","0","2","0"
"Ian Gibaut","","RP","24.7","24","1","0","4.86","1.50","13","25","12","3","14","0","2","0"
"Ryan Feltner","COL","SP","35.9","28","2","0","5.87","1.56","23","41","16","7","14","7","3","0"
"Chase Anderson","DET","SP,RP","49.5","38","2","0","5.42","1.45","30","53","18","10","18","8","4","0"
"Aaron Sanchez","WSH","SP","49.7","35","2","0","5.38","1.59","30","55","24","7","15","9","4","0"
"Eric Hanhold","PIT","RP","38.1","31","2","0","4.99","1.49","21","40","17","6","36","0","2","0"
"Julio Teheran","","SP","73.1","59","3","0","5.41","1.48","44","74","34","14","15","14","5","0"
"Cody Ponce","","RP","37.5","30","2","0","5.52","1.47","23","42","13","7","13","5","3","0"
"Josh Rogers","WSH","SP","65.2","40","3","0","5.89","1.51","43","77","22","14","18","11","5","0"
"Lucas Gilbreath","COL","RP","49.1","45","2","0","5.18","1.54","28","50","26","8","47","0","3","0"
"Zac Lowther","BAL","SP","107.9","96","5","0","4.93","1.47","59","111","47","18","30","19","8","0"
"Justin Lawrence","COL","RP","32.5","28","2","0","5.46","1.64","20","35","19","4","32","0","2","0"
"Anibal Sanchez","WSH","SP","84.7","67","3","0","5.42","1.43","51","91","30","16","16","16","5","0"
"Ashton Goudeau","COL","RP","29.8","21","1","0","5.71","1.54","19","34","11","5","19","1","2","0"
"Jhoulys Chacin","COL","RP","69.7","55","3","0","4.83","1.47","37","74","28","12","51","4","4","0"
"Jordan Sheffield","COL","RP","41.5","37","2","0","5.43","1.55","25","41","23","7","42","0","2","0"
"Peter Lambert","COL","SP","73.4","50","3","0","5.66","1.51","46","86","25","13","16","15","5","0"
"Chi Chi Gonzalez","","SP,RP","72.3","45","3","0","5.67","1.57","46","85","29","13","19","16","5","0"
"J.C. Mejia","MIL","SP,RP","55.2","49","3","0","4.94","1.44","30","55","24","9","37","3","3","0"
"Mike Baumann","BAL","RP","49.4","41","2","0","4.98","1.46","27","49","23","7","32","3","3","0"
"Jimmy Nelson","LAD","RP","27.0","29","2","0","4.17","1.39","13","25","13","2","24","0","2","0"
"Spencer Turnbull","DET","SP","23.8","22","2","0","3.42","1.28","9","21","9","1","2","2","1","0"
"Dan Altavilla","BOS","RP","14.9","16","1","0","4.85","1.38","8","14","7","2","15","0","1","0"
"Caleb Kilian","CHC","SP","13.4","11","1","0","4.24","1.27","6","13","4","2","3","3","1","0"
"Penn Murfee","SEA","SP","10.0","10","1","0","4.05","1.35","5","10","4","1","10","0","1","0"
"Ron Marinaccio","NYY","RP","18.3","20","1","0","4.48","1.39","9","17","8","3","16","0","1","0"
"Bennett Sousa","CWS","RP","15.8","16","1","0","4.41","1.37","8","15","7","3","15","0","1","0"
"Alexander Wells","BAL","P","57.8","41","3","0","5.03","1.35","32","64","15","11","33","5","4","0"
"Mike Montgomery","NYM","SP,RP","8.0","6","0","0","4.50","1.44","4","9","3","1","8","0","0","0"
"Brandon Waddell","STL","RP","11.8","10","1","0","4.42","1.48","6","12","5","2","11","0","1","0"
"Garrett Hill","DET","P","16.2","14","1","0","4.85","1.37","9","16","7","3","3","3","1","0"
"J.P. France","HOU","P","8.5","9","1","0","5.29","1.47","5","9","4","2","2","2","1","0"
"Yerry Rodriguez","TEX","SP,RP","6.0","6","0","0","4.50","1.33","3","6","2","1","6","0","0","0"
"Kyle Ryan","STL","RP","4.0","3","0","0","4.50","1.50","2","4","2","1","4","0","0","0"
"Zach Muckenhirn","CWS","RP","4.0","4","0","0","4.50","1.50","2","4","2","1","4","0","0","0"
"Parker Dunshee","OAK","SP","9.1","8","0","0","4.85","1.37","5","9","3","2","9","0","0","0"
"Ryan Pepiot","LAD","SP","5.0","5","0","0","4.50","1.40","3","5","2","1","5","0","0","0"
"Anderson Espinoza","CHC","SP","13.4","13","0","0","4.71","1.46","7","13","7","2","13","0","0","0"
"Andre Scrubb","HOU","RP","4.0","4","0","0","4.50","1.63","2","4","3","1","4","0","0","0"
"Cole Uvila","BAL","P","6.0","6","0","0","4.50","1.58","3","6","4","1","6","0","0","0"
"Cayne Ueckert","CHC","P","6.0","6","0","0","4.50","1.58","3","6","4","1","6","0","0","0"
"Cole Sands","MIN","SP","8.0","7","0","0","5.06","1.41","5","8","3","1","2","2","1","0"
"Roenis Elias","SEA","RP","8.0","8","0","0","5.06","1.44","5","8","4","1","8","0","0","0"
"Kyle Nelson","ARI","RP","8.5","8","0","0","4.89","1.50","5","8","4","1","9","0","0","0"
"Daniel Gossett","MIN","SP","6.0","5","0","0","5.25","1.50","4","7","3","1","6","0","0","0"
"Ian McKinney","SEA","RP,SP","8.5","8","0","0","5.29","1.47","5","9","4","2","2","2","1","0"
"Argenis Angulo","MIN","RP","8.0","8","0","0","5.63","1.56","5","8","5","1","8","0","0","0"
"Jared Solomon","CIN","SP","8.0","7","0","0","5.63","1.63","5","9","5","2","8","0","0","0"
"Daniel Tillo","KC","SP,RP","8.0","5","0","0","5.63","1.69","5","9","5","1","2","2","1","0"
"Yoan Aybar","COL","RP","5.9","5","0","0","5.98","1.86","4","7","4","1","6","0","0","0"
"William Woods","ATL","SP,RP","16.9","13","1","0","5.90","1.62","11","18","10","3","3","3","1","0"
""
""